context_id,database,context_family,cohort_definition,time_anchor,exposure_window,source_definition,gv_definition,adjustment_model,effect_type,N,events,estimate,lower95,upper95,p_value,figure_panel,figure_order,same_patient_pair,fit_status
MIMIC_ADJUSTMENT_A_30D,MIMIC-IV,MIMIC adjustment context,final MIMIC primary target,surgery t0 to postoperative day-1 landmark,final 24-hour source-priority glucose window,central laboratory > blood gas > POCT > ICU-charted source-priority series,sample SD of retained glucose values; per 10 mg/dL GV,Model A,HR,10561,296,1.04716557677007,0.993999407267487,1.10317545177077,0.082992866310105,MIMIC_adjustment,1,FALSE,LOCKED_RESULT_VERIFIED
MIMIC_ADJUSTMENT_B_30D,MIMIC-IV,MIMIC adjustment context,final MIMIC primary target,surgery t0 to postoperative day-1 landmark,final 24-hour source-priority glucose window,central laboratory > blood gas > POCT > ICU-charted source-priority series,sample SD of retained glucose values; per 10 mg/dL GV,Model B,HR,10561,296,0.979380602603274,0.922463143248402,1.03980996072952,0.495212797342227,MIMIC_adjustment,2,FALSE,LOCKED_RESULT_VERIFIED
MIMIC_ADJUSTMENT_C_30D,MIMIC-IV,MIMIC adjustment context,final MIMIC primary target,surgery t0 to postoperative day-1 landmark,final 24-hour source-priority glucose window,central laboratory > blood gas > POCT > ICU-charted source-priority series,sample SD of retained glucose values; per 10 mg/dL GV,Model C,HR,10561,296,1.02857335963722,0.967085280657172,1.09397090134231,0.370365215072494,MIMIC_adjustment,3,FALSE,LOCKED_RESULT_VERIFIED
MIMIC_SOURCE_PRIORITY_30D,MIMIC-IV,MIMIC measurement-source context,final MIMIC primary target,surgery t0 to postoperative day-1 landmark,final 24-hour source-priority glucose window,central laboratory > blood gas > POCT > ICU-charted source-priority series,sample SD of retained glucose values; per 10 mg/dL GV,Model B (primary priority series),HR,10561,296,0.979380602603274,0.922463143248402,1.03980996072952,0.495212797342227,MIMIC_source,1,FALSE,LOCKED_RESULT_VERIFIED
MIMIC_SOURCE_POCT_ONLY_30D,MIMIC-IV,MIMIC measurement-source context,POCT-only series,surgery t0 to postoperative day-1 landmark,final 24-hour source-specific glucose window,POCT-only series,sample SD of retained glucose values; per 10 mg/dL GV,Model B (same as primary),HR,7602,107,0.82683816001862,0.740075506230323,0.923772422013129,0.000774320735174024,MIMIC_source,2,FALSE,LOCKED_RESULT_VERIFIED
MIMIC_SOURCE_CENTRAL_LAB_ONLY_30D,MIMIC-IV,MIMIC measurement-source context,central-laboratory-only series,surgery t0 to postoperative day-1 landmark,final 24-hour source-specific glucose window,central-laboratory-only series,sample SD of retained glucose values; per 10 mg/dL GV,Model B (same as primary),HR,826,129,0.978541851084597,0.93331334191476,1.02596214081714,0.368967843358077,MIMIC_source,3,FALSE,LOCKED_RESULT_VERIFIED
MIMIC_SOURCE_BLOOD_GAS_ONLY_30D,MIMIC-IV,MIMIC measurement-source context,blood-gas-only series,surgery t0 to postoperative day-1 landmark,final 24-hour source-specific glucose window,blood-gas-only series,sample SD of retained glucose values; per 10 mg/dL GV,Model B (same as primary),HR,9431,156,1.05716421806268,0.968110482047594,1.15440975454403,0.215667194991528,MIMIC_source,4,FALSE,LOCKED_RESULT_VERIFIED
MIMIC_SOURCE_COMMON_30D,MIMIC-IV,MIMIC measurement-source context,common-source (POCT + central lab) series,surgery t0 to postoperative day-1 landmark,final 24-hour source-specific glucose window,common-source (POCT + central lab) series,sample SD of retained glucose values; per 10 mg/dL GV,Model B (same as primary),HR,8355,202,0.977529963550784,0.922998607659253,1.03528306728754,0.437754631449901,MIMIC_source,5,FALSE,LOCKED_RESULT_VERIFIED
MIMIC_SOURCE_SAME_PATIENT_POCT_30D,MIMIC-IV,MIMIC measurement-source context,"same patients (N=409), POCT-derived GV",surgery t0 to postoperative day-1 landmark,final 24-hour source-specific glucose window,same-patient POCT-derived GV,sample SD of retained glucose values; per 10 mg/dL GV,Model B (same as primary),HR,409,49,0.758857245048576,0.638761960045579,0.90153195459796,0.00169381122418289,MIMIC_source,6,TRUE,LOCKED_RESULT_REPRODUCED_PHASE2A
MIMIC_SOURCE_SAME_PATIENT_LAB_30D,MIMIC-IV,MIMIC measurement-source context,"same patients (N=409), LAB-derived GV",surgery t0 to postoperative day-1 landmark,final 24-hour source-specific glucose window,same-patient central-laboratory-derived GV,sample SD of retained glucose values; per 10 mg/dL GV,Model B (same as primary),HR,409,49,0.970897006154936,0.910334291034253,1.03548883728159,0.368784459152182,MIMIC_source,7,TRUE,LOCKED_RESULT_REPRODUCED_PHASE2A
INSPIRE_I1_24H_30D,INSPIRE,INSPIRE timing/adjustment context,final INSPIRE validated frame,"operation end (opend), 24-hour landmark",0-24-hour post-opend glucose window,final INSPIRE retained glucose features,sample SD of retained glucose values; per 10 mg/dL GV,I1,HR,1353,27,0.845958459945858,0.634084789153596,1.12862779267934,0.255408313290963,INSPIRE_timing_adjustment,1,FALSE,LOCKED_RESULT_VERIFIED
INSPIRE_I2_24H_30D,INSPIRE,INSPIRE timing/adjustment context,final INSPIRE validated frame,"operation end (opend), 24-hour landmark",0-24-hour post-opend glucose window,final INSPIRE retained glucose features,sample SD of retained glucose values; per 10 mg/dL GV,I2,HR,1353,27,0.904554212678046,0.652561595227856,1.25385607988147,0.547103103354018,INSPIRE_timing_adjustment,2,FALSE,LOCKED_RESULT_VERIFIED
INSPIRE_I3_24H_30D,INSPIRE,INSPIRE timing/adjustment context,final INSPIRE validated frame,"operation end (opend), 24-hour landmark",0-24-hour post-opend glucose window,final INSPIRE retained glucose features,sample SD of retained glucose values; per 10 mg/dL GV,I3,HR,1353,27,0.928498765858282,0.672393948065706,1.2821500857948,0.652316719011248,INSPIRE_timing_adjustment,3,FALSE,LOCKED_RESULT_VERIFIED
INSPIRE_I2_48H_CORRECTED_30D,INSPIRE,INSPIRE timing/adjustment context,final INSPIRE validated frame,"operation end (opend), 48-hour landmark",0-48-hour post-opend glucose window,final INSPIRE retained glucose features,sample SD of retained glucose values; per 10 mg/dL GV,I2 corrected 48h,HR,1511,31,1.10438443373211,0.84649513182544,1.44084110069202,0.464320490701829,INSPIRE_timing_adjustment,4,FALSE,LOCKED_RESULT_VERIFIED
EICU_M1_24H_AGGREGATE,eICU-CRD,eICU adjustment context,locked aggregate frame for M1,preserved aggregate 24-hour landmark frame,preserved aggregate 24-hour glucose feature window,preserved aggregate all-source glucose features,aggregate glucose_sd_24h; per 10 mg/dL GV,modified Poisson M1,RR,7981,143,1.22078589364023,1.09670093889812,1.3589102965557,0.000264414939954191,eICU_adjustment,1,FALSE,LOCKED_RESULT_VERIFIED
EICU_M2_24H_AGGREGATE,eICU-CRD,eICU adjustment context,locked aggregate frame for M2,preserved aggregate 24-hour landmark frame,preserved aggregate 24-hour glucose feature window,preserved aggregate all-source glucose features,aggregate glucose_sd_24h; per 10 mg/dL GV,modified Poisson M2,RR,7115,130,1.15793422739336,1.02641848313281,1.30630117929742,0.0171295560160658,eICU_adjustment,2,FALSE,LOCKED_RESULT_VERIFIED
EICU_M3_24H_AGGREGATE,eICU-CRD,eICU adjustment context,locked aggregate frame for M3,preserved aggregate 24-hour landmark frame,preserved aggregate 24-hour glucose feature window,preserved aggregate all-source glucose features,aggregate glucose_sd_24h; per 10 mg/dL GV,modified Poisson M3,RR,7115,130,1.15774790083148,1.0245783161834,1.30822620458402,0.0188003564760549,eICU_adjustment,3,FALSE,LOCKED_RESULT_VERIFIED
EICU_M4_24H_AGGREGATE,eICU-CRD,eICU adjustment context,locked aggregate frame for M4,preserved aggregate 24-hour landmark frame,preserved aggregate 24-hour glucose feature window,preserved aggregate all-source glucose features,aggregate glucose_sd_24h; per 10 mg/dL GV,modified Poisson M4,RR,7115,130,1.13279595096984,0.990175899305203,1.29595829128348,0.0693402609606972,eICU_adjustment,4,FALSE,LOCKED_RESULT_VERIFIED
