path,bytes,sha256
.editorconfig,281,33505f5dd106d17914d9694fe04dab44c0dd0cc7d492b4bdc0868a2e8a7bb34e
.gitattributes,374,49af5dd51b09c90341a92fba4a0676d14d296acf14a53873e50b6ae10468e49f
.github/ISSUE_TEMPLATE/bug_report.md,528,ffa6dcb6d24e24e58758ad1d09fa11db94fbf2ce5e612736e9f5a4c07d0d3953
.github/ISSUE_TEMPLATE/reproducibility_question.md,663,ae4cbb7763ca46b2d72c2f73ea9173a2ea41f6458c0b929fdf28e9357644258b
.github/pull_request_template.md,605,80be49672ef98e1d8136bebd44b79ac09df128537b1d0ce2dde1e75172c59fbe
.github/workflows/documentation.yml,1917,a9c4cec30643429e1a76c6afba35836f699db5a6de7090dac85c31668548366d
.github/workflows/lint.yml,681,dd39c32505990a6943ea410bcbb6d8053240f97ba3329b52c1aad8253209793a
.github/workflows/tests.yml,1144,78719ec48eb3c51c8f8c585c03728be0d81a805dd4cdd256da5795f8e4dac669
.gitignore,1364,c74c0480966dad9ba7f17d25d0efeadbaf78b9f198137227097fa23d6686fd5d
CHANGELOG.md,7531,7f64ba9ce4cbbf4c8acd411e42b1fd1ab659e29d218985f52b235a867f702892
CITATION.cff,1248,c2556dce790943cd45701a19c64bbd048a5af702c5dbe97a1462e57c2e5786bd
CODE_OF_CONDUCT.md,2115,46ee8fab262a5f34b8f8e6a82b82cf1b35bd09f93034075c235f389be35be6e9
CONTRIBUTING.md,1683,e2005e1cc77f3237b42a0a4d31b49811d2d84cebfe4930bc491c4887480d9fcf
DATA_AVAILABILITY.md,2192,b6fd865c72eeb6b09c0eb9d0eaa6aa1f48e9eabc2466892b68e437709739eb01
LICENSE,1357,41bbf86ebb0d625828a54c1203d29b1d7546d982aca3f66054a03f2366aed85a
Makefile,1523,663f8b89d896e9841108f02bb6d6fb7be1a8b5034ed71e981eba0e0bb72fee9e
README.md,10328,dd78c0ae63d665e52069de48fde0fc9b1483107bbb1cfb27bd78a9b2654ecf1e
SECURITY.md,1019,f25c4c50b09854552c0c10eac405a055a243a3c73db313fe3e3cdaae329fbe35
analyses/01_cohort_construction/02_build_analysis_dataset.py,8724,f2c751c66004b47ff987720d8a4b4f6fc43b29b0323070d4aed999e2637069e4
analyses/01_cohort_construction/03_apply_bmi_plausibility.py,6418,3299c1523e28309a1ca9f5589f3aa724f66cdcacfaeadc213c3c24e12981d856
analyses/02_glucose_processing/01_rebuild_glucose_series.py,10697,93e319aa7de43a2d86a4c13f72f746122048ef36f17edefcecea0240ce0c8c4e
analyses/02_glucose_processing/02_build_bloodonly_features.py,3097,f950e0f9cf832117a5c5b8d6af76769c12cd13c0421fe610ae2adacb9e567772
analyses/03_primary_mimic/03_run_primary_models_mice.R,8321,a3963af024bf06d3b39ad11d4f57cadbd29599eef3834064572b7c68861e8334
analyses/03_primary_mimic/04_ph_rcs_absoluterisk.R,14926,386eabbd46a6d2f2ce3853352e688945c6358d6ffdc139ac882a2eb9e9ff846f
analyses/03_primary_mimic/05_sensitivity_models.R,9165,bee291b905e4a392b5de2b8c8ec2bc7966b0abd2ed810654bbc2aea34eb5f3d6
analyses/03_primary_mimic/06_model_performance.R,7474,a6713d62157b4571153baf2f8248cbcfaa0b249eee017304b6e0323729db9a18
analyses/03_primary_mimic/supplement/01_refit_primary_models.R,6246,dbb47b7432f55d13c49518cd6567a3d7fdce1afdc8b0db3a8ba7321e9add2cfd
analyses/03_primary_mimic/supplement/03_alt_gv_framefix.R,11832,b46645c3fe105a38e3799301e62ebfc46611b5f2d1d2f145cf247470108485a6
analyses/03_primary_mimic/supplement/03_measurement_framefix.R,13147,5b598760463d9e1ca0daad3291ed4ce0ab0cf8e7a6a5dbc65a7fd646044d9fb5
analyses/03_primary_mimic/supplement/04_diabetes_ix_framefix.R,10286,b640878c01358b0c9df9f08460f8e226727d9a706b0a85c8889ac7946f283bb0
analyses/03_primary_mimic/supplement/05_extremes_framefix.R,10001,fb6938cb984b862b8ab69af2ea356b17ef33fbe954ee7ed4ddf89005661eafac
analyses/03_primary_mimic/supplement/06_fixed_scale_constants.py,4335,24dd34d8993c8546614c54d9792dab18097a16a2f5a6d550c115a495b02c1131
analyses/03_primary_mimic/supplement/07_fixed_scale_rescale.py,6343,15615fa2dd87b39fc51db170885f38c02dc0e1b0132cf7d86e519f57c0613ef3
analyses/03_primary_mimic/supplement/08_fixed_scale_display.py,8302,a4e65cf4680eda89511d462aa5873608ec9dad4aface2919e51e135167993aa4
analyses/04_time_dependent/01_rcs_spline_framefix.R,10989,8b089817e86beeca7b87b55be180e0818b6ef9370acc8a3f9c18ca551951e105
analyses/04_time_dependent/02_figures_framefix.R,5503,3569674cc34f3cae9dd3a9e6267e4a46f361e92bf6f62dd076eb75213e69332d
analyses/04_time_dependent/03_figures_fixedscale.R,4505,d1df5eec8d39d7163a84239b46b8ba9ea7f41cf110d348c4690c1eb1f3418074
analyses/04_time_dependent/04_rcs_curves.R,14968,e76cbc2307c4e7cb8975d79a64e2135f9ceb39b9f06b08f9647963332e9b7ac1
analyses/04_time_dependent/05_mice_pooled_interval_models.R,8603,6718b1c3d9b6f3ab2de6e08f2c8ea1855f1870b5e4d2d9898723960b7c247b8a
analyses/04_time_dependent/09_covariate_tt_sensitivity.R,5651,45ba758e2c34f8e4bcb445b85977adc4e18823bd374f6f36318165cfae4ff794
analyses/05_source_sensitivity/01_build_source_series.py,3676,6215057a6a2ad7ce78bb023b7004381ff9b681f7b9e0b0f7ad08f1883cf7cd24
analyses/05_source_sensitivity/02_fit_source_models.R,5449,917990ebb332e163ff2aee47cf31dd88865d9c04db8486e6f4712f873148e559
analyses/06_inspire/01_import_tables.sh,2563,5802b7f2c03fd1a81ac112fc6d1670b7ea2896a20459474f85108cf284679331
analyses/06_inspire/02_outcome_time_repairs.R,12103,c10ed103840b201d11ef31b104da45e25b6c031e174467f39f9f58a75ff2ffd5
analyses/06_inspire/03_sensitivity_joint_repairs.R,8771,ae6dcb4df2ba6adf76baa27f0a80f82ca58fbeae2b4ced86c112770bcc38a944
analyses/06_inspire/04_final_models_v3.R,10139,0370d2aff0676c2bcbe72994091c58da8d68e7f8cc99d1570fc2dd0f2f182d8b
analyses/06_inspire/05_qc_assembly.py,7534,19c4947743b482d8966f9e5a833c6d5e086fd890cd28deb86c6cab4669f37e3a
analyses/06_inspire/05_uniform_admin_censoring_v5.R,17864,fa59c9621e2ecddb3c429bce9d887ce86a2eeff049ed9ba1bc79f3633b53c971
analyses/07_eicu/01_fit_harmonized_models.R,7414,fde0d7bde422f534749880cbeef593470da0e7773ecfc3bb1041e07d62b54427
analyses/07_eicu/02_harmonized_mimic_features.py,9195,5989015ce0c4d4c59f2f2835d36920e64088cb3d9af74acbc0e189e8dd8248bd
analyses/07_eicu/03_harmonized_mimic_model_data.py,3043,e3fb93b643aa1904e8c5a6531a16c3e7740bfe82944c0547b8dd52b1a2b3147f
analyses/07_eicu/04_models.R,12291,365dfe335618c6fcd47d2cf17c05e713bd922718ad0ed70e6b2941c7f506d4fd
analyses/07_eicu/05_tables_figures.R,15996,8b319dcd548dd7b510cc64ad9a509fe11d08c912a65b9833c440f6b3fb61dcaf
analyses/07_eicu/06_qc.R,7236,2a396c5a20b8242f8e0394e111f0318c50bb13479fbd690032080647145ef214
analyses/07_eicu/07_random_intercept_rerun.R,3988,596a4583b552d4e7fe5498c8134f29aaf28083f8ebd473bff5843ea050f50fea
analyses/08_shr_component/01_shr_hba1c_ipw.R,11439,baf311089621c94966dfda3955e057ca8fe8bba23ad6ac3e4f92812a12b9e889
analyses/08_shr_component/02_joint_prep.py,10421,bb1edd29828d22d69c74c9612edbb8be57a38f3dce95f530514fb7ff7169569f
analyses/08_shr_component/03_joint_models.R,21591,547ce88fe29abb740d8a381d9e176cba6159fefcdd42aebfab98d57c3d519e93
analyses/08_shr_component/04_joint_risk_performance.R,15152,9e41aa64a2a284654f9fb326eb3560e3f05a7709e15faf9bfcca3c5655628e32
analyses/08_shr_component/05_joint_source_sensitivity.R,7219,b1905b792ded9cf31524355c3751678304b4af59ff4493cbe0b3a22eed39c40f
analyses/08_shr_component/06_joint_qc_assembly.py,8227,bedc9801a85e786ab2839a79950e4772bed11a70b9dc8af08fa607a3812c12b4
analyses/09_quality_control/01_assemble_results.py,11049,bf644524ce2c2d5ae0a9c6e3e738c2b2acb451e1f12476d4746e216b2eb6d46b
analyses/09_quality_control/02_missing_data_report.R,6127,82bf62378f922c9d8e6e2fd8d62960acd769bd0cea2b678f6bee9c0a0351c360
analyses/09_quality_control/03_frame_registry.R,4362,45bf79a5a5aa386d3041c10e3fd7d056fe0fc7350096f0bf23b4afb2e3d97f16
analyses/09_quality_control/99_synthetic_workflow.R,3855,ebbcadda7436d1cfea2b6b9047ca0faef14a46accdefb1e4f0d50a54a09c705d
analyses/09_quality_control/figure_build/build_fig23_main_figures.py,5460,ad7f5aafc01fdda1e768ea3e95a26c4d4954420f61eab15aaeed7d7e249c16bc
analyses/09_quality_control/figure_build/build_main_figures.py,23784,5f88cd897271fb92e7a7752b42b9c58fe3bf935b4aef0baa84d96ba28f13943d
analyses/09_quality_control/figure_build/build_ph_audit_figure.py,3494,20192e77c8b872e6114ecb753537e84373f28b9105fac1e87d10cfda1b767567
analyses/09_quality_control/figure_build/build_supplement_figures.py,8762,8ce6c43ffc0d4f2a7ac0b9149c36ef064ec464f96953d5429197a0d7df70705b
analyses/09_quality_control/figure_build/merge_s1_mice_figure.py,1897,c29a465e7abe92f6f4adef112ee401b97137a6ffba4c04c0655ca317ebf4e5ce
analysis_extensions/CITATION_EXTENSION.cff,452,7d2558aaa50f8bff162f977d8029f80a4f4011d6a52c9b0208c2658698fca51d
analysis_extensions/README.md,2795,3a198167f11fbb88f49c23e4c82556f61d60312357cfdf6e6bd49a1850603354
analysis_extensions/config.example.yaml,2103,e0dbb8209d7ccbbedb80ac33173b5d7d5d4d1a3780ca3c3db155cdce5a686bb8
analysis_extensions/figures/candidate/phase2b_candidate_figure_B_analytic_context_landscape.png,343173,1a4a296e0b5d12058fe344e706a7d3cdef843f10f4eb21567c42f66fdbc66e81
analysis_extensions/figures/phase3b/Figure_1.pdf,6935,aee234d5afca8241e6a7f0d914d2439357097c2bdb9d79d2ff586e556a1352a4
analysis_extensions/figures/phase3b/Figure_1.png,116081,e526c4310a8e642fada42071e647cc26374c4030545e7d0169bdbe7c74705464
analysis_extensions/figures/phase3b/Figure_1.svg,13091,0414af405e28e10698b6a30055668e1049a58c165883163e8ec222e62757bf24
analysis_extensions/figures/phase3b/Figure_3.pdf,7614,12deee75753415ee4d68b9bb941424fd52a7d6bf26d584d47cae4083eda5a7d9
analysis_extensions/figures/phase3b/Figure_3.png,162370,44fa947f3fd6915ecf10a27eaf90c68497a1418442f45789d2ae1c8a14462e4f
analysis_extensions/figures/phase3b/Figure_3.svg,26411,70e3836a5c403046ca8d75459d571413961e8e933badb53cf1cd78531680e15e
analysis_extensions/figures/phase3b_public/BUILD_NOTE.txt,191,61f96076151a435b3a0629b53b3eab3750297c22a849dfea7e1ada51032d5271
analysis_extensions/figures/phase3b_public/Figure_3_public.pdf,7284,2fa45d9c312b0c14d333a0c35f2c225b427eb48c9d04f6757999740547d52e9f
analysis_extensions/figures/phase3b_public/Figure_3_public.png,155672,e41e12f8b60f07850b5f8fd3e1c0e47d5db8e017261edc6c32cbc51682064d44
analysis_extensions/figures/phase3b_public/Figure_3_public.svg,25740,7d0c4d7097ac3079eed7347daed4e2802566eb5e138c86a98eb5e4ff9f512ad1
analysis_extensions/provenance/EXCLUDED_LOCAL_CONTENT.md,468,d3113ef6f1ac8500d3b1ca2618b27e688e838009dcafdb8b0bcbe8725e3735ed
analysis_extensions/provenance/candidate_build_summary.json,1343,2f233d7f3ad5fafd3c8e5ddeefaeb26d3ab7ec4b6763f722b16218df143e9dd8
analysis_extensions/provenance/phase3b/FIGURE_CONTRACT.md,887,e69659084a721644d373153a8de6344a6feeddcc9d6b1ef2e2939010a9b83cd7
analysis_extensions/provenance/phase3b/FINAL_FIGURE_SOURCE_MAP.csv,4405,23697397d0804cb83d2c9510cec18f52dd05840aa1d784887f8c88c531f98634
analysis_extensions/provenance/phase3b/PUBLIC_RELEASE_MANIFEST.json,2703,dae1de5765c63e1049f3ce104f4293c2c03ce0e533376d89b3db335c9844d207
analysis_extensions/provenance/phase3b/figure_1_provenance.json,2076,816b471443613676b1c272a60bd6598c2a7909941ee1bb8e11ccfb31fff126da
analysis_extensions/provenance/phase3b/figure_3_provenance.json,2398,649641506a9f292978db016829e236a9890bae239367ce5dc934d27c6107566d
analysis_extensions/provenance/release_file_manifest.csv,23721,1f2b2afddfef8a3ac4c917b1b9b39e2064b475d5cc6be2dab796994f95ffdd10
analysis_extensions/provenance/release_scope.csv,2619,7ff901477f346a4750f1e22786f94b86f9eb03c187c2bbf7ec613566be2b1a68
analysis_extensions/reports/PHASE2A_MEASUREMENT_CONTEXT_REPORT.md,4462,3d53ed81ccc4cddbdbf32368363e125d6ba8d793bbd821399b24019db37c1c66
analysis_extensions/reports/PHASE2B_ANALYTIC_CONTEXT_REPORT.md,6075,5e94e10478e89a2e09e3a3e3fbb77236bf520fb449ebbd4210be533f2a2d13d0
analysis_extensions/reports/PHASE2C_EVIDENCE_LOCK_REPORT.md,10123,f6216bf403f6f386cbc5d3721d8db44d570d31385ebc39ae0dda70c6f2f0d973
analysis_extensions/results/evidence_lock/analytic_context_landscape_LOCKED.csv,13078,864455d370466b7a5f47609ba4693a3503fe3d485bcdcfaa713be5c203139956
analysis_extensions/results/evidence_lock/figure_source_map_LOCKED.csv,5794,ad011f3b4c20487424aaf6993cbfb5e9d00439e348dd19220e7606d2519e384e
analysis_extensions/results/evidence_lock/manuscript_evidence_map.csv,27220,09eff131673180204950e0b4955facb490452129c3ca0ab7b842b2db920fc8d1
analysis_extensions/results/evidence_lock/master_evidence_registry.csv,80084,ac6471c490b6f83e6a89ff5c5f67f813dfca84e96bcef5da06f9c9b500967c8c
analysis_extensions/results/machine_readable/phase2_estimand_inventory.csv,4735,e2ccd450a94647bd258539a006248f7038797c82caef7155a47860a7d103d434
analysis_extensions/results/machine_readable/phase2a_measurement_context_table.csv,2783,d9ace8b669bfa3b578126d10fe1af0463d97f398b70bf765aa207fdf4a68c71f
analysis_extensions/results/machine_readable/phase2a_same_patient_agreement.csv,2959,7c6b2663cf3dd60e809abcf1e6d315f6b721bc2f4f077ae9e45f31c98c872b41
analysis_extensions/results/machine_readable/phase2a_same_patient_bootstrap_summary.csv,696,d3d50144fd71095ccc1112e8b4a084d17d5ae8e06d66693d379ad34aaa9b8f6e
analysis_extensions/results/machine_readable/phase2a_sampling_process.csv,1835,c94070e0e74f528db95c26bba9a2588e9c31a9f8fb2e5bbcce4eac70b5182c4a
analysis_extensions/results/machine_readable/phase2a_source_model_reproduction.csv,919,46ee971dc75bd6c39ed9cb7f7a965a15d7519a6406efe23a47631aa7a2da7473
analysis_extensions/results/machine_readable/phase2a_specification_shift.csv,1694,b1944247a8f3470e687c6cb6434013e6e3b796ba1fc9c6e568646ecd61f50180
analysis_extensions/results/machine_readable/phase2b_analytic_context_landscape.csv,13078,864455d370466b7a5f47609ba4693a3503fe3d485bcdcfaa713be5c203139956
analysis_extensions/results/machine_readable/phase2b_log_scale_agreement.csv,1343,505c85637586ea8b02811c9716cf3cae649eea88b025bbe84a861c21172b8f82
analysis_extensions/results/machine_readable/phase2b_result_provenance.csv,6753,3b6b1a7f868f41d0a9128d72a86eaa24407aa1ac47d0ec1e62d038e5d1833b9c
analysis_extensions/results/machine_readable/phase2b_source_sampling_imbalance.csv,1634,38a22024523bc90e0218d94b9bec681d8fa6c162bcd1ad00663b86eacd8f54cb
analysis_extensions/results/machine_readable/phase2b_source_sampling_imbalance_summary.csv,536,30a84620d075f0c57ffb42a5bf0dc40cd635531cb0f68c23d05008322321119a
analysis_extensions/results/phase3b/analytic_context_landscape_LOCKED.csv,12702,1c5c1feb9f0adfba923d64f1ff7aef5fc7638967adf0e7b662ea39bc7b919c40
analysis_extensions/results/phase3b/figure_2_mortality_coefficients.csv,376,2e340cdb5c6ae23d47421697dd8b0ae66aea490a42973c0139e68c766a84e76a
analysis_extensions/results/phase3b/figure_3_source_data.csv,7949,e021ff9e1cc7c48b25d1a3fca4b1246911b72ffc8e843cbdfef456725fa9fa04
analysis_extensions/results/phase3b/phase2a_same_patient_agreement.csv,3051,2ca483a26c3c42705067bf231bf5018f70c69bfeff9ab10e6396266b1addcc00
analysis_extensions/results/phase3b/phase2a_same_patient_bootstrap_summary.csv,696,d3d50144fd71095ccc1112e8b4a084d17d5ae8e06d66693d379ad34aaa9b8f6e
analysis_extensions/results/phase3b/phase2a_sampling_process.csv,1835,c94070e0e74f528db95c26bba9a2588e9c31a9f8fb2e5bbcce4eac70b5182c4a
analysis_extensions/results/phase3b/phase2a_source_model_reproduction.csv,861,2a75aca15bc2cdd08e9d379c62c0d7062c5299add911bbca845ef49346f79fe6
analysis_extensions/results/phase3b/phase2b_log_scale_agreement.csv,1389,c9490882c1c5759bcabf587c45cdbd203d6b11d6b276918d4b4f7c4623ba4211
analysis_extensions/results/phase3b/phase2b_result_provenance.csv,5957,6b9891f2cdb3592bcef4a53fa26400fcf570584d72aa4df15dbc75fd148fa922
analysis_extensions/results/phase3b/phase2b_source_sampling_imbalance.csv,1726,abe365b1452d0719b714ed2080fdb30c272f78e43b7803ae764c07f53a9e882f
analysis_extensions/scripts/00_environment_check.py,2008,6523b2b86906093e619d0ce1dff29bda43f43eb73206b3c063c85551d8828717
analysis_extensions/scripts/01_build_final_measurement_context.py,1499,168eeb882c1c351e1782a5a7cbd53113468598e013af6ab83cfe7ed4ade2d582
analysis_extensions/scripts/02_build_phase2_estimand_inventory.py,12534,58f67ad21ef00ad75bcbb5cf45556a4a1ef62fbbc3e1389cf8bfb5fe49988369
analysis_extensions/scripts/03_final_lineage_qc.py,20186,9ab51ccae12930edc11a7984839910f811c91a6d5c31d753419d3863ebe207a5
analysis_extensions/scripts/phase2a/01_same_patient_agreement.R,5505,8c43be4a753898a8b3804ea29672caca8ddf69085a9a86f73e249b9f38e4c8c1
analysis_extensions/scripts/phase2a/02_same_patient_paired_bootstrap.R,8079,a1ff2ae6e65bf7243ba90e4b95bd89dad75c1648973bb3980f6873cb49e489b9
analysis_extensions/scripts/phase2a/03_sampling_process_dependence.R,3555,70bb277c97d74381d25c696f9aa5cdb4af67609788ea18f2c9676b853405e28f
analysis_extensions/scripts/phase2a/04_model_specification_shift.R,3345,bb811671e37387184b1cf2bd9a68e88be9a5a62bd96712c6bbcbfc3fdfa3b8b2
analysis_extensions/scripts/phase2a/05_measurement_context_table.R,5961,fc65d3f315cf39ad6de7acda3be3806b0b6b79218c4ea20bdd0842e48c228ac3
analysis_extensions/scripts/phase2a/06_phase2a_qc.R,17269,271ce93c99df79224a2eb0ec19bf0a6216b5b53a775446c32a78c5a5199cfa2a
analysis_extensions/scripts/phase2a/phase2a_common.R,4584,889ed955375e214978283c841967464974ac17779489ed0f4f69efe297d2f04e
analysis_extensions/scripts/phase2b/01_source_dependence_closure.R,6150,489a9ce9a8d6e8a7427161dbfa5381874ecc57cc170fe22e157117fdc3aa12f1
analysis_extensions/scripts/phase2b/02_analytic_context_landscape.R,12045,5e5b2ef06f92cbc6fac530973dcdf124daf048ea9aeaf3cbaa736815d81cf1ad
analysis_extensions/scripts/phase2b/03_candidate_figures.R,7761,f9f7907536ba933fd3d628da758ed7d362276409934eff1083eec34c5c9d6edd
analysis_extensions/scripts/phase2b/04_phase2b_qc.R,20647,be4853b7e29fd2bbb10f9e4f28b6ad2d6421257d61ebc7c49ee7eee4c3d1bece
analysis_extensions/scripts/phase2b/phase2b_common.R,2330,a3ef44d6dd21ba5e9af9cb2f175af705df8726b53a9adbd57a5b51f38ddcc88c
analysis_extensions/scripts/phase2c/01_build_evidence_lock.R,72382,396a74f4e75e5ddcd8214abd571e7bf7665dbd482b687280810c4720674604fa
analysis_extensions/scripts/phase2c/02_phase2c_qc.R,18338,ef2b2cfdcd58b3a7010dc8101a361001f96ebf8115f459b58c09ebbbcfddff8f
analysis_extensions/scripts/phase3b/01_public_aggregate_landscape.R,5394,3112971ba7f18d7e66d5c444933a340bfca3a531ac54a892610807f9d9efdca0
analysis_extensions/scripts/phase3b/README.md,808,2cd0519bfd19a82bcf84803b65ad3d42332a301d9f3ee731e3ce28f8f9d0f92c
analysis_extensions/src/__init__.py,51,3900d759d7028f8934d4260668e27ce0917e40fcd6d5d969bba91169b03a11ab
analysis_extensions/src/config_loader.py,3150,99a072c1494ed9e907496d0bc0289927d7cf8d03a6d012f7c316bb2a55f3b88d
analysis_extensions/src/final_lineage.py,27333,a4190bbb07c2a6762c7a63c3e432d063c01e93bf3ab1beaf363dd31ec1ba778c
analysis_extensions/src/path_manifest.py,4087,6db3c0f6f9f04f46914fd8518b880e39756a5449dfd3677d7836c6d5078d1621
analysis_extensions/src/schema_checks.py,4812,dfa3768772c2f86017e366b4a339ed9c1e9fcfb4bb54b156204691d346d9e0b1
archive/README.md,1199,3da48e86764f0915088ed8b8b062402add365040967d31aa2efc2174bd860290
archive/not_used_in_final_analysis/inspire_11_superseded_by_15_16_17.R,18292,4e2e7106936e715f3f072ebf1a6ac184b6728f403e76b52cc3e1cc541eea214e
archive/not_used_in_final_analysis/inspire_12_superseded_by_16.R,5968,8eec5e340d49519cf4de58024c457da82bd06ad0d114a834b686beeca6f3b515
archive/not_used_in_final_analysis/inspire_13_superseded_by_16.R,11805,5d7c3f29d147fffaded1df034a15195b713ce8c459b920b90ebb93197600a306
archive/not_used_in_final_analysis/mimic_03_primary_models_superseded_by_03b.R,11393,beb3b88a86d9437ac3f59b0786bbd5df9848ad932bb186d9d0a7909710bbbc43
config/config.example.yml,414,a6b3ebdbce1eb0088c339d5babc24df0abfaa8c59dda95c6d6ba1cfb96d9e9f7
config/constants.yml,2328,9ecac64d2f2d216d4fa46a77f33e5f90a6a0dcc951ded28601a8e052f934e576
config/covariate_sets.yml,1334,b98cd73e93bcf137aac19d152d579488f71a8c69f4b274b56951fd2dfb7f4742
config/model_specifications.yml,9254,bb33c991200de5f36a866285ff35b8bf7d2c25f84340bcc99fae8ac070feff5d
config/paths.example.yml,3870,b97fc37b70aa0e8c051a4b9f7f53aa6f63eb82c13dba1b0758ddcbb330427dd1
data/README.md,1112,a9e17ea6a1849320df1345fd348e301285530662ef8a4481014465fd6363c743
data/synthetic/README.md,510,ddb98d6b0055530c04c940091e199f34b3a4e3d245c833e3aef36b97d1d501f4
data/synthetic/make_synthetic.py,3695,5a59c6c699a14ccc9d8fc5b12e99f03775eb68d35f40717db834c5af58d9a5ef
data/synthetic/synthetic_cohort.csv,35264,ae08f4ba669c05f33558f60e17da098e8dbc9dab8f010cb6c53632437147044e
data/synthetic/synthetic_glucose_long.csv,95176,081eec8588c94d6a9d84165a0ca5b9d6f4eb841921de2b644c57dbebfa88823f
docs/ANALYSIS_WORKFLOW.md,7386,7f9523dff3838c6995d38d6f32543b4241327f6dd7b1436b4bb2006b9009b348
docs/ARCHIVE_AND_REMOVAL_LOG.md,2264,d7f15a5896d37de759e63572e19b9f4861c1d2b3311c8e24018e7b02c4496ac9
docs/CODE_INVENTORY.md,9824,8eace293c159b5c43816e6378dd7e8e10005070bbc45411e9292395831ff15bc
docs/FILE_MIGRATION_MAP.csv,15905,a8616a3011aaf9b474158da6326b8fd068ec372272a1cc5374ae8a716133705d
docs/FINAL_OUTPUT_PROVENANCE.csv,12392,68e79731c697a148ada92906fe236c51491ed69d43ff856c84367e2e353d92d4
docs/OPEN_ISSUES.md,3438,cf202f5f818ea5dbf86ca4a8f366efd75cd6d8b96c17ca11352004170f38e341
docs/ORIGINAL_PUBLIC_CODE_README.md,8722,bc1ef4d549eeff125f88779d1578e533076aa369eae060c00f5d6e0ab03663c2
docs/PRIVACY_REVIEW.md,3799,bbb1638905694044c3e0612bb4a4d4e9b967ee8ffaa98288575bb52d8ec010d1
docs/PRIVATE_REVIEW_STATUS.md,2455,ba65d42a57c17c622adc0907983e05f56d34f61723432bfd2c5d7d7cfc95fa22
docs/RELEASE_CHECKLIST.md,3555,f783e9fa6294ef04a1bf2092c04620ddc8dc301e22cec8d8b53a474e60cb0a61
docs/RELEASE_NOTES_v1.1.0.md,1254,7faae9c36d0bf286d8599f46da05d704904a3aa446032610217f8174c4bb7a89
docs/REPRODUCIBILITY.md,2896,2e2441131585245fa455b3fa5665e0e015a789d97bddfc903c338a8393e57225
docs/RESULT_PROVENANCE.md,7490,94f4e608a5f9e97c1b1d3adf870864b33aa65cf37f143189f7286a98d49c7592
environment.yml,522,4f9856acd06b06e5617266c05be64a52f12d964649eb389a53cb61d705345ce7
renv.lock,2172,110f0ea08ec8a81a233d154cd3a7fa4f398f0c43d8edbe79da99607f6ca39675
requirements.txt,76,36db7967c1ae1de78197ac71ef15397f8eef22ffb6d583bc08be5f9f9733e519
results/qc/final_repository_qc.md,4189,9522528d3d2c4c4a96a1fa9f3c843be954e7a8ea8f7ed897c665005a2751b467
results/qc/frozen_validation_report.csv,2021,6b7f5af81dd17899955e4aef610676ad243236aabe794889c5b34fc7b3192dfc
results/qc/precommit_security_review.md,1022,99e5f0ab776ae42f99b0bc812c10593b495529b6e585ef8e88a13a0f9364f6e0
scripts/check_configs.py,2070,8479a734aa6a14ddaeedf5da94a40291da4ee5c84e5f7c6bccf9945d53a241be
scripts/run_all.sh,300,7fc96b375ce1738f9b199479709db79fc6f000a2ace459ed4d11bc5bc2c43ee0
scripts/run_eicu.sh,670,4374e9f9df9102af8faafd0e4aeb08f07cc58debd49a163d3da43a51f5ddadbe
scripts/run_inspire.sh,1050,91b933f243b188b1f265d534d2d1169054b5f99412d5171d91107dc4231f4fab
scripts/run_mimic.sh,1081,2d254f704a179fb5ec9f3f68048375e9ad248ce869bcf002df4c506f17778936
scripts/sensitive_scan.py,2580,edf1248a3c2bba10c589f3f7d3b633322d43edd832f809dc6e28516405652a4a
scripts/validate_results.py,8527,a848bda3eb4b1820f87e179b5a5cbe1663b88126244bbe9206398a5b3804bc08
sql/eicu/01_schema_audit.sql,378,f77d585cf24330a2d5b0c2faa447c04e3f251560a29469ce1991be85e9dcdbf2
sql/eicu/01b_categorical_audit.sql,1389,8fee943ea65ad2b942cc3c75b85bb1a3bc292c34ffd8c83044d7bd09c9eee24f
sql/eicu/02_candidate_terms_extract.sql,2001,41122960dafb5ae36d998791763f4f3de18a1b79ce4248c9e07f04e79d3fb290
sql/eicu/02b_classify_terms.sql,4189,03d77e5cfffbc33f6454485efc6ba79d79d48792ea86c223fd78eb23555f64d3
sql/eicu/02c_classify_terms_v2.sql,5998,ab5797b4ca8bc4307bb468e02b12865833d6796b9d4a5ec352df191851d07107
sql/eicu/02d_export_terms.sql,2038,d18fb48da891b26742f94697ed649dfee755d9f0ac171fdc507974d553c7261f
sql/eicu/03_surgery_evidence.sql,5946,0da3b289784c28fd5edfc5dacd36f1068a994859a51b12f8de37ef3f1b17be11
sql/eicu/04_cohort_base.sql,2814,1479541442f60a7f2e9748f2a8c5791fdaaaa336a7177a53220e19d0d64d0bfb
sql/eicu/06a_glucose.sql,3750,ed91640c783c1fb9e76bc92440b403191a3299c18bc16aa07c2ec895995c146f
sql/eicu/06b_covariates.sql,4566,5a9b7c593ea11e9ae4879c678bf17f5358417d506f3a3e619c9ab23bdf582838
sql/eicu/06c_outcomes_hba1c.sql,1768,457127a39db3e53c3f0e4a15111bacd2a95e2f99c6dcfeca68af10b5091633cc
sql/eicu/07_qc.sql,3368,08a3c6ac4286b73342bb4b5580f698e5a9e051a932e54aa0af68b1c496d5a01b
sql/eicu/08_final_table.sql,5034,3f815a7cba31fb6a842c54f0aff8badce149acca9a29606b9da37d6ed43182ca
sql/eicu/09_harmonized.sql,8779,85097ae823666038fb0378a7a41eb76e5dfff55292ce7539c04ca09dea3b4ef6
sql/inspire/00_create_database.sql,4425,2f3eeeaaaf499b1d9be9a5b4e3b70a3c54c288dfa1e3b8f07970c3e75a576393
sql/inspire/02_indexes.sql,1739,e14aef05adca6798be8d6fe81adbdc61464112f2fdfd61fb97ae2e40bbc7f0b9
sql/inspire/03_schema_audit.sql,5979,790b2ab55d8bfc9580b7e3594c535f5ab0e5f919a7a975a732ec6aed8553f1a3
sql/inspire/04_procedure_audit.sql,4181,8adc1015f176e1dc13318962dbd4dbaf68e0aa23bafb993152e66bd6ce2551e8
sql/inspire/05_lab_audit.sql,1954,12de4f87777fdc784f6b09b3af282ad4d059206cc53f2e8ec2bc70e4f2ad7c23
sql/inspire/06_cohort_build.sql,2846,57f8027b51556ebfdab5b5b70069cd4a46a5b4f4724a3e5dab0951d3e6699c63
sql/inspire/07_glucose_features.sql,8191,1d52d8ee7df3fc44eccebd678b3d0917d09134dfc9ea96ef4d4efb64feba2f02
sql/inspire/08_analysis_base.sql,5775,2d71fad2708b2a816d2075486b43c7b3b81989068e0462fd018b3a4a5725dc84
sql/inspire/09_comorbidity_outcome_audit.sql,6123,879919386c251ccde581a5f395370a7227f827ae63de3f1790908ee05f56fdb6
sql/inspire/10_anchor_windows.sql,3837,d77b7e4cf39aa475849cde167274ec0db498415a17e00ee01299dcc8d245da88
sql/inspire/11_qc_tests.sql,3064,3fdb3bc75e064577b6acd12c02296ac120032490fdb2e025eb6611e23cba5439
sql/mimic/00_schema_inventory.sql,3444,851880ac5c60f2bc2fb2e37491c143431db133b0db52440550242131f53ebf9b
sql/mimic/01_build_cardiac_surgery_codebook.sql,6734,4d7bfb3396cad01a31aee67d331d8f3eb74d875c411e3539a5dec108f216278e
sql/mimic/02_build_cohort.sql,9710,4056c6e1110e5dae19b5de6a17fc32c778b61717f58687d6e0b0b096c5c327b6
sql/mimic/03_build_itemid_review.sql,11396,58d2018ad2acba93942a21c1008aa9a1d61494f4b5bddf048ef45256337e1fbc
sql/mimic/04_extract_vitals_24h.sql,6727,1a63bf4263e7a388af2ee4a6a04c42272d3512fb10baecee4842ed59d28393c4
sql/mimic/05_extract_labs.sql,23364,55b7c7eaa98e025afd6abeb38850d5a0cf122b659dfd835cf3923f0452b23dc3
sql/mimic/06_extract_comorbidities_bmi.sql,20752,241449c4fdf7c3dd81f3c7417963c082dc73cdb4cd0931e2b9a5888892b09906
sql/mimic/07_extract_treatments.sql,25900,83c9ae795004d6fe8ebebb01c88b310354b05bf6f837c38cf6954c756ccfd29c
sql/mimic/08_build_severity.sql,3172,a267f496cbad034752fa61eb06e6c8792bc2a7966258a853f0db458e667627d3
sql/mimic/09_build_shr_gv.sql,9813,49c161e877798213626392b9a0d444dacc09254a106eabfb108f82e6f67c3636
sql/mimic/10_build_final_features.sql,11803,4c9e74b8b7ba31b56299772260dbd2fbe0d2614de0aa46a665b415fbe512b711
sql/mimic/11_build_qc_report.sql,14696,b28f0e586d21ea9d1b91b3b2b2c25162b294b9be4ce1a583c8050ef83b0d380a
sql/mimic/12_bloodonly_glucose_patch.sql,3383,39d1efd631a6a7841c17d0237368e3609afda0fc585234e6a7dae329ae043980
src/common/paths.R,1818,17542786305aef601271adaa2c370dc7f97479dfabe7c069f2fbad180ac7015e
src/common/paths.py,1893,d42a74392aab27df78f8cd3f1932074e5324d5f1ee54ee3440216dd22f71dead
tests/expected/frozen_results.yml,3086,a9ad0fa0bbfe72fb219c89deab289e0b17cbd21de960d205078f74afc21910e7
tests/pytest/test_bmi_rule_integration.py,5155,6315e4fbbccac2acea2740709385719584dda680d8c07045fbc8819c31478aaf
tests/pytest/test_core_rules.py,3154,ed3a31d869e431481a4b864fffd141a35f9cede5f868d159491d9f2db299bf91
tests/pytest/test_release_consistency.py,7059,f01dff8f0d74b8bde5165465536c7cb1084e20b9f8a2ffdfffb7b975b96a5031
tests/testthat/run_tests.R,2519,a6a0bc821cece25be69d5f655bcc8b1b1f74106b309ab0c0390e61dd3e219137
