evidence_id,domain,analysis,population,N,events,estimand,effect_type,estimate,lower95,upper95,p_value,secondary_statistic,secondary_value,source_status,source_file,source_row_or_key,script_origin,new_or_original,phase_origin,candidate_manuscript_location,interpretive_role,notes
EICU_M1,eICU adjustment context,eICU modified Poisson M1,final locked aggregate eICU frame,7981,143,post-landmark hospital mortality,RR per 10 mg/dL GV,1.22078589364023,1.09670093889812,1.3589102965557,0.000264414939954191,variance_estimator,cluster-robust (hospitalid),LOCKED_RESULT_VERIFIED,controlled_final_lineage/data/controlled_local_only/MIMIC_eICU_derived/results/10_cross_database_results.csv,model_id=HARM_eICU-CRD_M1,original_public_code/analyses/07_eicu/01_fit_harmonized_models.R,original_final_lineage,Phase 1.6,Supplement; eICU context,Adjustment context,M1 uses the broader locked aggregate frame; effect type is RR.
EICU_M2,eICU adjustment context,eICU modified Poisson M2,final locked aggregate eICU frame,7115,130,post-landmark hospital mortality,RR per 10 mg/dL GV,1.15793422739336,1.02641848313281,1.30630117929742,0.0171295560160658,variance_estimator,cluster-robust (hospitalid),LOCKED_RESULT_VERIFIED,controlled_final_lineage/data/controlled_local_only/MIMIC_eICU_derived/results/10_cross_database_results.csv,model_id=HARM_eICU-CRD_M2,original_public_code/analyses/07_eicu/01_fit_harmonized_models.R,original_final_lineage,Phase 1.6,Supplement; eICU context,Adjustment context,M2 uses the final aggregate frame; effect type is RR.
EICU_M3,eICU adjustment context,eICU modified Poisson M3,final locked aggregate eICU frame,7115,130,post-landmark hospital mortality,RR per 10 mg/dL GV,1.15774790083148,1.0245783161834,1.30822620458402,0.0188003564760549,variance_estimator,cluster-robust (hospitalid),LOCKED_RESULT_VERIFIED,controlled_final_lineage/data/controlled_local_only/MIMIC_eICU_derived/results/10_cross_database_results.csv,model_id=HARM_eICU-CRD_M3,original_public_code/analyses/07_eicu/01_fit_harmonized_models.R,original_final_lineage,Phase 1.6,Results; Figure 3,Primary eICU landscape context,"Final aggregate frame N=7,115/events=130; RR is not interchangeable with MIMIC/INSPIRE HR."
EICU_M4,eICU adjustment context,eICU modified Poisson M4,final locked aggregate eICU frame,7115,130,post-landmark hospital mortality,RR per 10 mg/dL GV,1.13279595096984,0.990175899305203,1.29595829128348,0.0693402609606972,variance_estimator,cluster-robust (hospitalid),LOCKED_RESULT_VERIFIED,controlled_final_lineage/data/controlled_local_only/MIMIC_eICU_derived/results/10_cross_database_results.csv,model_id=HARM_eICU-CRD_M4,original_public_code/analyses/07_eicu/01_fit_harmonized_models.R,original_final_lineage,Phase 1.6,Results; Figure 3,Measurement-process specification shift,M4 adds count and span to the preserved aggregate context; this is not a causal adjustment model.
INSPIRE_CORRECTED_48H_30D,INSPIRE timing context,Corrected INSPIRE 48-hour landmark sensitivity,INSPIRE_OPEND_48H_LANDMARK_V3,1511,31,30-day all-cause mortality after corrected 48-hour operation-end landmark,HR per 10 mg/dL GV,1.10438443373211,0.84649513182544,1.44084110069202,0.464320490701829,ph_global,6.2441546930507996e-01,LOCKED_RESULT_VERIFIED,controlled_final_lineage/results/final_v5_INSPIRE/48h_landmark_result_v5.csv,model_id=ADMINV5_I2_48h_landmark_30d,controlled_final_lineage/code/current_v5/18_uniform_admin_censoring_rerun_v5.R,original_final_lineage,Phase 1.6,Supplement; Figure 3 timing sensitivity,Corrected 48-hour landmark sensitivity; no exposure-risk overlap claim is made.,NA
INSPIRE_I1_24H_30D,INSPIRE timing/adjustment context,INSPIRE ADMINV5_I1_30d,INSPIRE_OPEND_24H_LANDMARK_V2,1353,27,30-day all-cause mortality after operation-end landmark,HR per 10 mg/dL GV,0.845958459945858,0.634084789153596,1.12862779267934,0.255408313290963,ph_global,1.17506127430156e-01,LOCKED_RESULT_VERIFIED,controlled_final_lineage/results/final_v5_INSPIRE/30d_primary_results_v5.csv,model_id=ADMINV5_I1_30d,controlled_final_lineage/code/current_v5/18_uniform_admin_censoring_rerun_v5.R,original_final_lineage,Phase 1.6,Results; Figure 3,Timing/adjustment context,Final v5 24-hour operation-end landmark; event-limited.
INSPIRE_I2_24H_30D,INSPIRE timing/adjustment context,INSPIRE ADMINV5_I2_30d,INSPIRE_OPEND_24H_LANDMARK_V2,1353,27,30-day all-cause mortality after operation-end landmark,HR per 10 mg/dL GV,0.904554212678046,0.652561595227856,1.25385607988147,0.547103103354018,ph_global,2.30994023191988e-01,LOCKED_RESULT_VERIFIED,controlled_final_lineage/results/final_v5_INSPIRE/30d_primary_results_v5.csv,model_id=ADMINV5_I2_30d,controlled_final_lineage/code/current_v5/18_uniform_admin_censoring_rerun_v5.R,original_final_lineage,Phase 1.6,Results; Figure 3,Primary INSPIRE context,Final v5 I2; day-30 coverage is source-provenance attested and no patient-level coverage-end field is present.
INSPIRE_I3_24H_30D,INSPIRE timing/adjustment context,INSPIRE ADMINV5_I3_30d,INSPIRE_OPEND_24H_LANDMARK_V2,1353,27,30-day all-cause mortality after operation-end landmark,HR per 10 mg/dL GV,0.928498765858282,0.672393948065706,1.2821500857948,0.652316719011248,ph_global,4.4120848599335899e-01,LOCKED_RESULT_VERIFIED,controlled_final_lineage/results/final_v5_INSPIRE/30d_primary_results_v5.csv,model_id=ADMINV5_I3_30d,controlled_final_lineage/code/current_v5/18_uniform_admin_censoring_rerun_v5.R,original_final_lineage,Phase 1.6,Results; Figure 3,Measurement-process specification shift,"Final v5 I3; count/span are process-context terms, not causal confounders."
LANDSCAPE_EICU_M1_24H_AGGREGATE,eICU-CRD analytic-context landscape,EICU_M1_24H_AGGREGATE,locked aggregate frame for M1,7981,143,post-landmark hospital mortality,RR,1.22078589364023,1.09670093889812,1.3589102965557,0.000264414939954191,same_patient_pair,FALSE,LOCKED_RESULT_VERIFIED,controlled_final_lineage/data/controlled_local_only/MIMIC_eICU_derived/results/10_cross_database_results.csv,HARM_eICU-CRD_M1,local_extension_workspace/scripts/phase2b/02_analytic_context_landscape.R,locked_landscape_row,Phase 2B,Candidate Figure 3; eICU_adjustment,Context-family landscape result,M1 uses the broader locked aggregate frame (N/events differ from final M2-M4 frame). Event-level glucose reconstruction is unavailable; RR is not interchangeable with MIMIC/INSPIRE HR. Effect type is preserved as HR or RR; no pooling or cross-database heterogeneity test.
LANDSCAPE_EICU_M2_24H_AGGREGATE,eICU-CRD analytic-context landscape,EICU_M2_24H_AGGREGATE,locked aggregate frame for M2,7115,130,post-landmark hospital mortality,RR,1.15793422739336,1.02641848313281,1.30630117929742,0.0171295560160658,same_patient_pair,FALSE,LOCKED_RESULT_VERIFIED,controlled_final_lineage/data/controlled_local_only/MIMIC_eICU_derived/results/10_cross_database_results.csv,HARM_eICU-CRD_M2,local_extension_workspace/scripts/phase2b/02_analytic_context_landscape.R,locked_landscape_row,Phase 2B,Candidate Figure 3; eICU_adjustment,Context-family landscape result,"M2-M4 use the final aggregate frame N=7,115/events=130; M4 adds count and span to the locked aggregate context. Event-level glucose reconstruction is unavailable; RR is not interchangeable with MIMIC/INSPIRE HR. Effect type is preserved as HR or RR; no pooling or cross-database heterogeneity test."
LANDSCAPE_EICU_M3_24H_AGGREGATE,eICU-CRD analytic-context landscape,EICU_M3_24H_AGGREGATE,locked aggregate frame for M3,7115,130,post-landmark hospital mortality,RR,1.15774790083148,1.0245783161834,1.30822620458402,0.0188003564760549,same_patient_pair,FALSE,LOCKED_RESULT_VERIFIED,controlled_final_lineage/data/controlled_local_only/MIMIC_eICU_derived/results/10_cross_database_results.csv,HARM_eICU-CRD_M3,local_extension_workspace/scripts/phase2b/02_analytic_context_landscape.R,locked_landscape_row,Phase 2B,Candidate Figure 3; eICU_adjustment,Context-family landscape result,"M2-M4 use the final aggregate frame N=7,115/events=130; M4 adds count and span to the locked aggregate context. Event-level glucose reconstruction is unavailable; RR is not interchangeable with MIMIC/INSPIRE HR. Effect type is preserved as HR or RR; no pooling or cross-database heterogeneity test."
LANDSCAPE_EICU_M4_24H_AGGREGATE,eICU-CRD analytic-context landscape,EICU_M4_24H_AGGREGATE,locked aggregate frame for M4,7115,130,post-landmark hospital mortality,RR,1.13279595096984,0.990175899305203,1.29595829128348,0.0693402609606972,same_patient_pair,FALSE,LOCKED_RESULT_VERIFIED,controlled_final_lineage/data/controlled_local_only/MIMIC_eICU_derived/results/10_cross_database_results.csv,HARM_eICU-CRD_M4,local_extension_workspace/scripts/phase2b/02_analytic_context_landscape.R,locked_landscape_row,Phase 2B,Candidate Figure 3; eICU_adjustment,Context-family landscape result,"M2-M4 use the final aggregate frame N=7,115/events=130; M4 adds count and span to the locked aggregate context. Event-level glucose reconstruction is unavailable; RR is not interchangeable with MIMIC/INSPIRE HR. Effect type is preserved as HR or RR; no pooling or cross-database heterogeneity test."
LANDSCAPE_INSPIRE_I1_24H_30D,INSPIRE analytic-context landscape,INSPIRE_I1_24H_30D,final INSPIRE validated frame,1353,27,30-day all-cause mortality after INSPIRE landmark,HR,0.845958459945858,0.634084789153596,1.12862779267934,0.255408313290963,same_patient_pair,FALSE,LOCKED_RESULT_VERIFIED,controlled_final_lineage/results/final_v5_INSPIRE/30d_primary_results_v5.csv,ADMINV5_I1_30d,local_extension_workspace/scripts/phase2b/02_analytic_context_landscape.R,locked_landscape_row,Phase 2B,Candidate Figure 3; INSPIRE_timing_adjustment,Context-family landscape result,Final v5 24-hour timing/adjustment context. Effect type is preserved as HR or RR; no pooling or cross-database heterogeneity test.
LANDSCAPE_INSPIRE_I2_24H_30D,INSPIRE analytic-context landscape,INSPIRE_I2_24H_30D,final INSPIRE validated frame,1353,27,30-day all-cause mortality after INSPIRE landmark,HR,0.904554212678046,0.652561595227856,1.25385607988147,0.547103103354018,same_patient_pair,FALSE,LOCKED_RESULT_VERIFIED,controlled_final_lineage/results/final_v5_INSPIRE/30d_primary_results_v5.csv,ADMINV5_I2_30d,local_extension_workspace/scripts/phase2b/02_analytic_context_landscape.R,locked_landscape_row,Phase 2B,Candidate Figure 3; INSPIRE_timing_adjustment,Context-family landscape result,Final v5 designated 24-hour model. Effect type is preserved as HR or RR; no pooling or cross-database heterogeneity test.
LANDSCAPE_INSPIRE_I2_48H_CORRECTED_30D,INSPIRE analytic-context landscape,INSPIRE_I2_48H_CORRECTED_30D,final INSPIRE validated frame,1511,31,30-day all-cause mortality after INSPIRE landmark,HR,1.10438443373211,0.84649513182544,1.44084110069202,0.464320490701829,same_patient_pair,FALSE,LOCKED_RESULT_VERIFIED,controlled_final_lineage/results/final_v5_INSPIRE/48h_landmark_result_v5.csv,ADMINV5_I2_48h_landmark_30d,local_extension_workspace/scripts/phase2b/02_analytic_context_landscape.R,locked_landscape_row,Phase 2B,Candidate Figure 3; INSPIRE_timing_adjustment,Context-family landscape result,Corrected final v5 48-hour landmark; risk begins at the 48-hour landmark; no withdrawn 365-day result included. Effect type is preserved as HR or RR; no pooling or cross-database heterogeneity test.
LANDSCAPE_INSPIRE_I3_24H_30D,INSPIRE analytic-context landscape,INSPIRE_I3_24H_30D,final INSPIRE validated frame,1353,27,30-day all-cause mortality after INSPIRE landmark,HR,0.928498765858282,0.672393948065706,1.2821500857948,0.652316719011248,same_patient_pair,FALSE,LOCKED_RESULT_VERIFIED,controlled_final_lineage/results/final_v5_INSPIRE/30d_primary_results_v5.csv,ADMINV5_I3_30d,local_extension_workspace/scripts/phase2b/02_analytic_context_landscape.R,locked_landscape_row,Phase 2B,Candidate Figure 3; INSPIRE_timing_adjustment,Context-family landscape result,Final v5 I3 result verified; retained as a locked specification context. Effect type is preserved as HR or RR; no pooling or cross-database heterogeneity test.
LANDSCAPE_MIMIC_ADJUSTMENT_A_30D,MIMIC-IV analytic-context landscape,MIMIC_ADJUSTMENT_A_30D,final MIMIC primary target,10561,296,30-day all-cause mortality after day-1 landmark,HR,1.04716557677007,0.993999407267487,1.10317545177077,0.082992866310105,same_patient_pair,FALSE,LOCKED_RESULT_VERIFIED,locked_analysis_record/results/mice_pooled_models.csv,MICE_A_30d,local_extension_workspace/scripts/phase2b/02_analytic_context_landscape.R,locked_landscape_row,Phase 2B,Candidate Figure 3; MIMIC_adjustment,Context-family landscape result,Locked MIMIC adjustment context; Model C is retained as a sampling-process specification shift from Model B. Effect type is preserved as HR or RR; no pooling or cross-database heterogeneity test.
LANDSCAPE_MIMIC_ADJUSTMENT_B_30D,MIMIC-IV analytic-context landscape,MIMIC_ADJUSTMENT_B_30D,final MIMIC primary target,10561,296,30-day all-cause mortality after day-1 landmark,HR,0.979380602603274,0.922463143248402,1.03980996072952,0.495212797342227,same_patient_pair,FALSE,LOCKED_RESULT_VERIFIED,locked_analysis_record/results/mice_pooled_models.csv,MICE_B_30d,local_extension_workspace/scripts/phase2b/02_analytic_context_landscape.R,locked_landscape_row,Phase 2B,Candidate Figure 3; MIMIC_adjustment,Context-family landscape result,Locked MIMIC adjustment context; Model C is retained as a sampling-process specification shift from Model B. Effect type is preserved as HR or RR; no pooling or cross-database heterogeneity test.
LANDSCAPE_MIMIC_ADJUSTMENT_C_30D,MIMIC-IV analytic-context landscape,MIMIC_ADJUSTMENT_C_30D,final MIMIC primary target,10561,296,30-day all-cause mortality after day-1 landmark,HR,1.02857335963722,0.967085280657172,1.09397090134231,0.370365215072494,same_patient_pair,FALSE,LOCKED_RESULT_VERIFIED,locked_analysis_record/results/mice_pooled_models.csv,MICE_C_30d,local_extension_workspace/scripts/phase2b/02_analytic_context_landscape.R,locked_landscape_row,Phase 2B,Candidate Figure 3; MIMIC_adjustment,Context-family landscape result,Locked MIMIC adjustment context; Model C is retained as a sampling-process specification shift from Model B. Effect type is preserved as HR or RR; no pooling or cross-database heterogeneity test.
LANDSCAPE_MIMIC_SOURCE_BLOOD_GAS_ONLY_30D,MIMIC-IV analytic-context landscape,MIMIC_SOURCE_BLOOD_GAS_ONLY_30D,blood-gas-only series,9431,156,30-day all-cause mortality after day-1 landmark,HR,1.05716421806268,0.968110482047594,1.15440975454403,0.215667194991528,same_patient_pair,FALSE,LOCKED_RESULT_VERIFIED,locked_analysis_record/results/measurement_source_results.csv,SRC_bloodgas_30d,local_extension_workspace/scripts/phase2b/02_analytic_context_landscape.R,locked_landscape_row,Phase 2B,Candidate Figure 3; MIMIC_source,Context-family landscape result,Source-specific final priority-derived series; not a same-patient paired estimate. Effect type is preserved as HR or RR; no pooling or cross-database heterogeneity test.
LANDSCAPE_MIMIC_SOURCE_CENTRAL_LAB_ONLY_30D,MIMIC-IV analytic-context landscape,MIMIC_SOURCE_CENTRAL_LAB_ONLY_30D,central-laboratory-only series,826,129,30-day all-cause mortality after day-1 landmark,HR,0.978541851084597,0.93331334191476,1.02596214081714,0.368967843358077,same_patient_pair,FALSE,LOCKED_RESULT_VERIFIED,locked_analysis_record/results/measurement_source_results.csv,SRC_centrallab_30d,local_extension_workspace/scripts/phase2b/02_analytic_context_landscape.R,locked_landscape_row,Phase 2B,Candidate Figure 3; MIMIC_source,Context-family landscape result,Source-specific final priority-derived series; not a same-patient paired estimate. Effect type is preserved as HR or RR; no pooling or cross-database heterogeneity test.
LANDSCAPE_MIMIC_SOURCE_COMMON_30D,MIMIC-IV analytic-context landscape,MIMIC_SOURCE_COMMON_30D,common-source (POCT + central lab) series,8355,202,30-day all-cause mortality after day-1 landmark,HR,0.977529963550784,0.922998607659253,1.03528306728754,0.437754631449901,same_patient_pair,FALSE,LOCKED_RESULT_VERIFIED,locked_analysis_record/results/measurement_source_results.csv,SRC_common_30d,local_extension_workspace/scripts/phase2b/02_analytic_context_landscape.R,locked_landscape_row,Phase 2B,Candidate Figure 3; MIMIC_source,Context-family landscape result,Common-source series; cohort differs from the same-patient comparison cohort. Effect type is preserved as HR or RR; no pooling or cross-database heterogeneity test.
LANDSCAPE_MIMIC_SOURCE_POCT_ONLY_30D,MIMIC-IV analytic-context landscape,MIMIC_SOURCE_POCT_ONLY_30D,POCT-only series,7602,107,30-day all-cause mortality after day-1 landmark,HR,0.82683816001862,0.740075506230323,0.923772422013129,0.000774320735174024,same_patient_pair,FALSE,LOCKED_RESULT_VERIFIED,locked_analysis_record/results/measurement_source_results.csv,SRC_poct_30d,local_extension_workspace/scripts/phase2b/02_analytic_context_landscape.R,locked_landscape_row,Phase 2B,Candidate Figure 3; MIMIC_source,Context-family landscape result,Source-specific final priority-derived series; not a same-patient paired estimate. Effect type is preserved as HR or RR; no pooling or cross-database heterogeneity test.
LANDSCAPE_MIMIC_SOURCE_PRIORITY_30D,MIMIC-IV analytic-context landscape,MIMIC_SOURCE_PRIORITY_30D,final MIMIC primary target,10561,296,30-day all-cause mortality after day-1 landmark,HR,0.979380602603274,0.922463143248402,1.03980996072952,0.495212797342227,same_patient_pair,FALSE,LOCKED_RESULT_VERIFIED,locked_analysis_record/results/mice_pooled_models.csv,MICE_B_30d,local_extension_workspace/scripts/phase2b/02_analytic_context_landscape.R,locked_landscape_row,Phase 2B,Candidate Figure 3; MIMIC_source,Context-family landscape result,Primary priority-series estimate; included in the source-context family to anchor source comparisons. Effect type is preserved as HR or RR; no pooling or cross-database heterogeneity test.
LANDSCAPE_MIMIC_SOURCE_SAME_PATIENT_LAB_30D,MIMIC-IV analytic-context landscape,MIMIC_SOURCE_SAME_PATIENT_LAB_30D,"same patients (N=409), LAB-derived GV",409,49,30-day all-cause mortality after day-1 landmark,HR,0.970897006154936,0.910334291034253,1.03548883728159,0.368784459152182,same_patient_pair,TRUE,LOCKED_RESULT_REPRODUCED_PHASE2A,locked_analysis_record/results/measurement_source_results.csv,SRC_samepatient_lab_30d,local_extension_workspace/scripts/phase2b/02_analytic_context_landscape.R,locked_landscape_row,Phase 2B,Candidate Figure 3; MIMIC_source,Context-family landscape result,"Identical 409 patients and 49 events as the same-patient POCT row; source-definition coefficient difference is descriptive, not causal. Effect type is preserved as HR or RR; no pooling or cross-database heterogeneity test."
LANDSCAPE_MIMIC_SOURCE_SAME_PATIENT_POCT_30D,MIMIC-IV analytic-context landscape,MIMIC_SOURCE_SAME_PATIENT_POCT_30D,"same patients (N=409), POCT-derived GV",409,49,30-day all-cause mortality after day-1 landmark,HR,0.758857245048576,0.638761960045579,0.90153195459796,0.00169381122418289,same_patient_pair,TRUE,LOCKED_RESULT_REPRODUCED_PHASE2A,locked_analysis_record/results/measurement_source_results.csv,SRC_samepatient_poct_30d,local_extension_workspace/scripts/phase2b/02_analytic_context_landscape.R,locked_landscape_row,Phase 2B,Candidate Figure 3; MIMIC_source,Context-family landscape result,"Identical 409 patients and 49 events as the same-patient laboratory row; source-definition coefficient difference is descriptive, not causal. Effect type is preserved as HR or RR; no pooling or cross-database heterogeneity test."
MIMIC_MEAN_GLUCOSE,MIMIC measurement context,Final source-priority mean glucose,final MIMIC primary target,10561,296,descriptive final-lineage measurement context,descriptive context statistic,141.419757056312,NA,NA,NA,units,mg/dL,LOCKED_CONTEXT_SUMMARY,local_extension_workspace/outputs/qc/final_reconstruction_summary.json,mimic.mean_glucose_mean,local_extension_workspace/scripts/03_final_lineage_qc.py,original_final_lineage,Phase 1.6,Methods; Results,Concurrent glucose context,Mean glucose is retained to define the conditioning context for Model B.
MIMIC_MEAN_GV,MIMIC measurement context,Final source-priority GV mean,final MIMIC primary target,10561,296,descriptive final-lineage measurement context,descriptive context statistic,28.8415695703337,NA,NA,NA,units,mg/dL; sample SD-derived GV,LOCKED_CONTEXT_SUMMARY,local_extension_workspace/outputs/qc/final_reconstruction_summary.json,mimic.gv_mean,local_extension_workspace/scripts/03_final_lineage_qc.py,original_final_lineage,Phase 1.6,Methods; Results,Primary GV scale context,"Mean GV is a descriptive feature summary, not an external reference value."
MIMIC_MEASUREMENT_COUNT_MEDIAN,MIMIC measurement context,Routine-care measurement count,final MIMIC primary target,10561,296,descriptive final-lineage measurement context,descriptive context statistic,12,NA,NA,NA,Q1;Q3,1e+01;1.4e+01,LOCKED_CONTEXT_SUMMARY,local_extension_workspace/outputs/qc/final_reconstruction_summary.json,mimic.count_median;mimic.count_q1;mimic.count_q3,local_extension_workspace/scripts/03_final_lineage_qc.py,original_final_lineage,Phase 1.6,Methods; Results,Sampling opportunity context,Median and IQR of retained source-priority measurements; descriptive only.
MIMIC_MEASUREMENT_SPAN_MEDIAN,MIMIC measurement context,Routine-care measurement span,final MIMIC primary target,10561,296,descriptive final-lineage measurement context,descriptive context statistic,14.8333333333333,NA,NA,NA,Q1;Q3,1.2366666666666699e+01;1.5866666666666699e+01,LOCKED_CONTEXT_SUMMARY,local_extension_workspace/outputs/qc/final_reconstruction_summary.json,mimic.span_median;mimic.span_q1;mimic.span_q3,local_extension_workspace/scripts/03_final_lineage_qc.py,original_final_lineage,Phase 1.6,Methods; Results,Sampling opportunity context,Median and IQR of retained source-priority span in hours; descriptive only.
MIMIC_MODEL_A_30D,MIMIC adjustment context,MIMIC Model A 30-day,final MIMIC primary target,10561,296,MIMIC day-1 landmark mortality by 30-day,HR per 10 mg/dL GV,1.04716557677007,0.993999407267487,1.10317545177077,0.082992866310105,n_imputations_fit,5e+01,LOCKED_RESULT_VERIFIED,locked_analysis_record/results/mice_pooled_models.csv,model_id=MICE_A_30d,original_public_code/analyses/03_primary_mimic/03_run_primary_models_mice.R,original_final_lineage,Phase 1.6,Results; MIMIC adjustment context,Main adjustment context,Per 10 mg/dL SD-GV coefficient; source row is the locked final-lineage result. Observational association; no causal interpretation.
MIMIC_MODEL_A_365D,MIMIC adjustment context,MIMIC Model A 365-day,final MIMIC primary target,10561,745,MIMIC day-1 landmark mortality by 365-day,HR per 10 mg/dL GV,1.03681781019598,0.996597681302404,1.07866112043802,0.0732721054744857,n_imputations_fit,5e+01,LOCKED_RESULT_VERIFIED,locked_analysis_record/results/mice_pooled_models.csv,model_id=MICE_A_365d,original_public_code/analyses/03_primary_mimic/03_run_primary_models_mice.R,original_final_lineage,Phase 1.6,Supplement; MIMIC 365-day audit,Supplementary time-horizon context,Per 10 mg/dL SD-GV coefficient; source row is the locked final-lineage result. Observational association; no causal interpretation.
MIMIC_MODEL_B_30D,MIMIC adjustment context,MIMIC Model B 30-day,final MIMIC primary target,10561,296,MIMIC day-1 landmark mortality by 30-day,HR per 10 mg/dL GV,0.979380602603274,0.922463143248402,1.03980996072952,0.495212797342227,n_imputations_fit,5e+01,LOCKED_RESULT_VERIFIED,locked_analysis_record/results/mice_pooled_models.csv,model_id=MICE_B_30d,original_public_code/analyses/03_primary_mimic/03_run_primary_models_mice.R,original_final_lineage,Phase 1.6,Results; primary MIMIC estimate,Primary locked MIMIC estimate,Per 10 mg/dL SD-GV coefficient; source row is the locked final-lineage result. Observational association; no causal interpretation.
MIMIC_MODEL_B_365D,MIMIC adjustment context,MIMIC Model B 365-day,final MIMIC primary target,10561,745,MIMIC day-1 landmark mortality by 365-day,HR per 10 mg/dL GV,0.984980806440375,0.941995873075158,1.02992721814029,0.506233214092268,n_imputations_fit,5e+01,LOCKED_RESULT_VERIFIED,locked_analysis_record/results/mice_pooled_models.csv,model_id=MICE_B_365d,original_public_code/analyses/03_primary_mimic/03_run_primary_models_mice.R,original_final_lineage,Phase 1.6,Supplement; MIMIC 365-day audit,Descriptive average under documented PH violation,365-day Model B is not a primary effect: the final manuscript provenance documents non-proportional hazards; retain only as a prespecified descriptive average.
MIMIC_MODEL_C_30D,MIMIC adjustment context,MIMIC Model C 30-day,final MIMIC primary target,10561,296,MIMIC day-1 landmark mortality by 30-day,HR per 10 mg/dL GV,1.02857335963722,0.967085280657172,1.09397090134231,0.370365215072494,n_imputations_fit,5e+01,LOCKED_RESULT_VERIFIED,locked_analysis_record/results/mice_pooled_models.csv,model_id=MICE_C_30d,original_public_code/analyses/03_primary_mimic/03_run_primary_models_mice.R,original_final_lineage,Phase 1.6,Results; MIMIC adjustment context,Measurement-process specification shift,Per 10 mg/dL SD-GV coefficient; source row is the locked final-lineage result. Observational association; no causal interpretation.
MIMIC_MODEL_C_365D,MIMIC adjustment context,MIMIC Model C 365-day,final MIMIC primary target,10561,745,MIMIC day-1 landmark mortality by 365-day,HR per 10 mg/dL GV,1.02429663298563,0.979398088825929,1.07125346099402,0.293853267364968,n_imputations_fit,5e+01,LOCKED_RESULT_VERIFIED,locked_analysis_record/results/mice_pooled_models.csv,model_id=MICE_C_365d,original_public_code/analyses/03_primary_mimic/03_run_primary_models_mice.R,original_final_lineage,Phase 1.6,Supplement; MIMIC 365-day audit,Supplementary time-horizon context,365-day Model C is retained only as a descriptive specification sensitivity under the documented PH limitation.
MIMIC_PRIMARY_COHORT_30D,MIMIC cohort context,Final MIMIC primary cohort,final MIMIC primary target,10561,296,day-1 landmark cohort size and 30-day events,cohort N/events,10561,NA,NA,NA,events,2.96e+02,LOCKED_CONTEXT_SUMMARY,local_extension_workspace/outputs/qc/final_reconstruction_summary.json,mimic.target_n; mimic.events_30d,local_extension_workspace/scripts/03_final_lineage_qc.py,original_final_lineage,Phase 1.6,Methods; Results,Cohort denominator,N and 30-day event count are fixed lineage facts.
MIMIC_PRIMARY_COHORT_365D,MIMIC cohort context,Final MIMIC primary cohort,final MIMIC primary target,10561,745,day-1 landmark cohort size and 365-day events,cohort N/events,10561,NA,NA,NA,events,7.45e+02,LOCKED_CONTEXT_SUMMARY,local_extension_workspace/outputs/qc/final_reconstruction_summary.json,mimic.target_n; mimic.events_365d,local_extension_workspace/scripts/03_final_lineage_qc.py,original_final_lineage,Phase 1.6,Supplement; MIMIC 365-day audit,Cohort denominator,365-day event count is retained for the time-horizon audit only.
MIMIC_SAMEPATIENT_LAB_HR,MIMIC measurement-source context,Final source-defined GV: same-patient laboratory,"same patients (N=409), LAB-derived GV",409,49,30-day mortality after day-1 landmark,HR per 10 mg/dL GV,0.970897006154936,0.910334291034253,1.03548883728159,0.368784459152182,gv_sd_within,3.7268739280552403e+01,LOCKED_RESULT_REPRODUCED_PHASE2A,locked_analysis_record/results/measurement_source_results.csv,model_id=SRC_samepatient_lab_30d,original_public_code/analyses/05_source_sensitivity/02_fit_source_models.R,original_final_lineage_verified_phase2a,Phase 1.6 + Phase 2A,Results; Figure 2,Identical-patient source comparison,Same N=409 and 49 events as the POCT row; source is not a reference standard.
MIMIC_SAMEPATIENT_POCT_HR,MIMIC measurement-source context,Final source-defined GV: same-patient POCT,"same patients (N=409), POCT-derived GV",409,49,30-day mortality after day-1 landmark,HR per 10 mg/dL GV,0.758857245048576,0.638761960045579,0.90153195459796,0.00169381122418289,gv_sd_within,2.15723878173022e+01,LOCKED_RESULT_REPRODUCED_PHASE2A,locked_analysis_record/results/measurement_source_results.csv,model_id=SRC_samepatient_poct_30d,original_public_code/analyses/05_source_sensitivity/02_fit_source_models.R,original_final_lineage_verified_phase2a,Phase 1.6 + Phase 2A,Results; Figure 2,Identical-patient source comparison,Same N=409 and 49 events as the laboratory row; source is not a reference standard.
MIMIC_SOURCE_BLOOD_GAS_ONLY_30D,MIMIC measurement-source context,Final source-defined GV: blood-gas-only,blood-gas-only series,9431,156,30-day mortality after day-1 landmark,HR per 10 mg/dL GV,1.05716421806268,0.968110482047594,1.15440975454403,0.215667194991528,gv_sd_within,1.3134354245066e+01,LOCKED_RESULT_VERIFIED,locked_analysis_record/results/measurement_source_results.csv,model_id=SRC_bloodgas_30d,original_public_code/analyses/05_source_sensitivity/02_fit_source_models.R,original_final_lineage,Phase 1.6,Results; Figure 2,Source-specific context,Source-specific cohort; not a same-patient paired comparison.
MIMIC_SOURCE_CENTRAL_LAB_ONLY_30D,MIMIC measurement-source context,Final source-defined GV: central-laboratory-only,central-laboratory-only series,826,129,30-day mortality after day-1 landmark,HR per 10 mg/dL GV,0.978541851084597,0.93331334191476,1.02596214081714,0.368967843358077,gv_sd_within,3.2075731302898298e+01,LOCKED_RESULT_VERIFIED,locked_analysis_record/results/measurement_source_results.csv,model_id=SRC_centrallab_30d,original_public_code/analyses/05_source_sensitivity/02_fit_source_models.R,original_final_lineage,Phase 1.6,Results; Figure 2,Source-specific context,Source-specific cohort; not a same-patient paired comparison.
MIMIC_SOURCE_COMMON_30D,MIMIC measurement-source context,Final source-defined GV: common-source,common-source (POCT + central lab) series,8355,202,30-day mortality after day-1 landmark,HR per 10 mg/dL GV,0.977529963550784,0.922998607659253,1.03528306728754,0.437754631449901,gv_sd_within,1.54646091868021e+01,LOCKED_RESULT_VERIFIED,locked_analysis_record/results/measurement_source_results.csv,model_id=SRC_common_30d,original_public_code/analyses/05_source_sensitivity/02_fit_source_models.R,original_final_lineage,Phase 1.6,Results; Figure 2,Source-specific context,Common-source cohort; not a same-patient paired comparison.
MIMIC_SOURCE_POCT_ONLY_30D,MIMIC measurement-source context,Final source-defined GV: POCT-only,POCT-only series,7602,107,30-day mortality after day-1 landmark,HR per 10 mg/dL GV,0.82683816001862,0.740075506230323,0.923772422013129,0.000774320735174024,gv_sd_within,1.2970737062759399e+01,LOCKED_RESULT_VERIFIED,locked_analysis_record/results/measurement_source_results.csv,model_id=SRC_poct_30d,original_public_code/analyses/05_source_sensitivity/02_fit_source_models.R,original_final_lineage,Phase 1.6,Results; Figure 2,Source-specific context,Source-specific cohort; not a same-patient paired comparison.
ORIG_MIMIC_365D_PH_DIAGNOSTIC,MIMIC time-context audit,365-day Model B proportional-hazards diagnostic,complete-case diagnostic frame,9751,633,diagnostic evidence for 365-day average HR,PH diagnostic p-value,0.00585241079217937,NA,NA,NA,global_p,1.3535607793886501e-15,LOCKED_RESULT_VERIFIED,locked_analysis_record/results/07_ph_diagnostics.csv,model_id=ModelB_365d; term=gv10,original_public_code/analyses/03_primary_mimic/03_run_primary_models_mice.R,original_final_lineage,Phase 1.6,Supplement; MIMIC 365-day audit,Boundary condition,The GV and global PH diagnostics support demoting the 365-day average HR from the revised main story.
ORIG_MIMIC_ABSOLUTE_RISK_30D,MIMIC outcome presentation,Model-standardized GV quartile risk contrast,complete-case standardization frame,9751,240,30-day model-standardized Q75 versus Q25 risk difference,risk difference,-0.000441527879253317,-0.00281825358390254,0.00145537965741636,NA,risk_q25;risk_q75,2.4334649748646998e-02;2.3893121869393699e-02,LOCKED_RESULT_VERIFIED,locked_analysis_record/results/12_absolute_risk_results.csv,model_id=ABSRISK_30d,original_public_code/analyses/03_primary_mimic/03_run_primary_models_mice.R,original_final_lineage,Phase 1.6,Supplement; original Figure 3 evidence,Valid secondary absolute-risk presentation,Retain as a supplementary descriptive contrast; it is not the revised manuscript's central estimand.
P2A_AGREEMENT_PRIMARY_GV_LAB_MEAN,same-patient source dependence,same-patient source agreement: GV SD (primary N=452),452 paired patients in final MIMIC target,452,NA,paired source-defined descriptive comparison,laboratory mean,34.6316899420812,NA,NA,NA,POCT_mean,2.86203320912451e+01,EXTENSION_RESULT_LOCKED,local_extension_workspace/outputs/machine_readable/phase2a_same_patient_agreement.csv,cohort_id=PRIMARY_FINAL_TARGET; variable=GV_SD,local_extension_workspace/scripts/phase2a/01_same_patient_agreement.R,new_extension,Phase 2A,Results; Figure 2,Primary source-agreement evidence,Means are source-defined routine-care summaries; neither source is a reference standard.
P2A_AGREEMENT_PRIMARY_GV_MEAN_DIFFERENCE,same-patient source dependence,same-patient source agreement: GV SD (primary N=452),452 paired patients in final MIMIC target,452,NA,POCT minus laboratory source-defined difference,mean paired difference,-6.01135785083616,-69.9302297347618,57.9075140330895,NA,sd_paired_difference,3.2611669328533502e+01,EXTENSION_RESULT_LOCKED,local_extension_workspace/outputs/machine_readable/phase2a_same_patient_agreement.csv,cohort_id=PRIMARY_FINAL_TARGET; variable=GV_SD,local_extension_workspace/scripts/phase2a/01_same_patient_agreement.R,new_extension,Phase 2A,Results; Figure 2,Primary source-agreement evidence,"lower95/upper95 are 95% Bland-Altman limits of agreement, not confidence limits for the mean."
P2A_AGREEMENT_PRIMARY_GV_PAIR_MEAN_CORRELATION,same-patient source dependence,same-patient source agreement: GV SD (primary N=452),452 paired patients in final MIMIC target,452,NA,paired source-defined difference versus pair mean,Pearson correlation,-0.527787324448683,NA,NA,NA,Spearman_rho,-3.38029486792227e-01,EXTENSION_RESULT_LOCKED,local_extension_workspace/outputs/machine_readable/phase2a_same_patient_agreement.csv,cohort_id=PRIMARY_FINAL_TARGET; variable=GV_SD,local_extension_workspace/scripts/phase2a/01_same_patient_agreement.R,new_extension,Phase 2A,Results; Figure 2,Primary source-agreement evidence,Scale-dependent disagreement diagnostic; not a causal model.
P2A_AGREEMENT_PRIMARY_GV_PEARSON,same-patient source dependence,same-patient source agreement: GV SD (primary N=452),452 paired patients in final MIMIC target,452,NA,paired source-defined descriptive comparison,Pearson correlation,0.4893123615556,NA,NA,NA,Spearman_rho,3.2689148070890101e-01,EXTENSION_RESULT_LOCKED,local_extension_workspace/outputs/machine_readable/phase2a_same_patient_agreement.csv,cohort_id=PRIMARY_FINAL_TARGET; variable=GV_SD,local_extension_workspace/scripts/phase2a/01_same_patient_agreement.R,new_extension,Phase 2A,Results; Figure 2,Primary source-agreement evidence,Correlation describes agreement/association only; it does not establish interchangeability.
P2A_AGREEMENT_PRIMARY_GV_POCT_MEAN,same-patient source dependence,same-patient source agreement: GV SD (primary N=452),452 paired patients in final MIMIC target,452,NA,paired source-defined descriptive comparison,POCT mean,28.6203320912451,NA,NA,NA,laboratory_mean,3.4631689942081202e+01,EXTENSION_RESULT_LOCKED,local_extension_workspace/outputs/machine_readable/phase2a_same_patient_agreement.csv,cohort_id=PRIMARY_FINAL_TARGET; variable=GV_SD,local_extension_workspace/scripts/phase2a/01_same_patient_agreement.R,new_extension,Phase 2A,Results; Figure 2,Primary source-agreement evidence,Means are source-defined routine-care summaries; neither source is a reference standard.
P2A_AGREEMENT_PRIMARY_GV_SPEARMAN,same-patient source dependence,same-patient source agreement: GV SD (primary N=452),452 paired patients in final MIMIC target,452,NA,NA,Spearman correlation,0.326891480708901,NA,NA,NA,Pearson_r,4.8931236155559998e-01,EXTENSION_RESULT_LOCKED,local_extension_workspace/outputs/machine_readable/phase2a_same_patient_agreement.csv,cohort_id=PRIMARY_FINAL_TARGET; variable=GV_SD,local_extension_workspace/scripts/phase2a/01_same_patient_agreement.R,new_extension,Phase 2A,Results; Figure 2,Primary source-agreement evidence,Rank correlation describes agreement/association only; it does not establish interchangeability.
P2A_AGREEMENT_PRIMARY_MEAN_GLUCOSE_LAB_MEAN,same-patient source dependence,same-patient source agreement: mean glucose (primary N=452),452 paired patients in final MIMIC target,452,NA,paired source-defined descriptive comparison,laboratory mean,155.150737463127,NA,NA,NA,POCT_mean,1.5109342820440901e+02,EXTENSION_RESULT_LOCKED,local_extension_workspace/outputs/machine_readable/phase2a_same_patient_agreement.csv,cohort_id=PRIMARY_FINAL_TARGET; variable=MEAN_GLUCOSE,local_extension_workspace/scripts/phase2a/01_same_patient_agreement.R,new_extension,Phase 2A,Supplement; source-agreement context,Mean-glucose source context,Means are source-defined routine-care summaries; neither source is a reference standard.
P2A_AGREEMENT_PRIMARY_MEAN_GLUCOSE_MEAN_DIFFERENCE,same-patient source dependence,same-patient source agreement: mean glucose (primary N=452),452 paired patients in final MIMIC target,452,NA,POCT minus laboratory source-defined difference,mean paired difference,-4.05730925871803,-76.7447531865752,68.6301346691392,NA,sd_paired_difference,3.70854305754373e+01,EXTENSION_RESULT_LOCKED,local_extension_workspace/outputs/machine_readable/phase2a_same_patient_agreement.csv,cohort_id=PRIMARY_FINAL_TARGET; variable=MEAN_GLUCOSE,local_extension_workspace/scripts/phase2a/01_same_patient_agreement.R,new_extension,Phase 2A,Supplement; source-agreement context,Mean-glucose source context,"lower95/upper95 are 95% Bland-Altman limits of agreement, not confidence limits for the mean."
P2A_AGREEMENT_PRIMARY_MEAN_GLUCOSE_PAIR_MEAN_CORRELATION,same-patient source dependence,same-patient source agreement: mean glucose (primary N=452),452 paired patients in final MIMIC target,452,NA,paired source-defined difference versus pair mean,Pearson correlation,-0.294842720579992,NA,NA,NA,Spearman_rho,-1.8478779462587e-01,EXTENSION_RESULT_LOCKED,local_extension_workspace/outputs/machine_readable/phase2a_same_patient_agreement.csv,cohort_id=PRIMARY_FINAL_TARGET; variable=MEAN_GLUCOSE,local_extension_workspace/scripts/phase2a/01_same_patient_agreement.R,new_extension,Phase 2A,Supplement; source-agreement context,Mean-glucose source context,Scale-dependent disagreement diagnostic; not a causal model.
P2A_AGREEMENT_PRIMARY_MEAN_GLUCOSE_PEARSON,same-patient source dependence,same-patient source agreement: mean glucose (primary N=452),452 paired patients in final MIMIC target,452,NA,paired source-defined descriptive comparison,Pearson correlation,0.805144425245895,NA,NA,NA,Spearman_rho,6.8461067920837404e-01,EXTENSION_RESULT_LOCKED,local_extension_workspace/outputs/machine_readable/phase2a_same_patient_agreement.csv,cohort_id=PRIMARY_FINAL_TARGET; variable=MEAN_GLUCOSE,local_extension_workspace/scripts/phase2a/01_same_patient_agreement.R,new_extension,Phase 2A,Supplement; source-agreement context,Mean-glucose source context,Correlation describes agreement/association only; it does not establish interchangeability.
P2A_AGREEMENT_PRIMARY_MEAN_GLUCOSE_POCT_MEAN,same-patient source dependence,same-patient source agreement: mean glucose (primary N=452),452 paired patients in final MIMIC target,452,NA,paired source-defined descriptive comparison,POCT mean,151.093428204409,NA,NA,NA,laboratory_mean,1.55150737463127e+02,EXTENSION_RESULT_LOCKED,local_extension_workspace/outputs/machine_readable/phase2a_same_patient_agreement.csv,cohort_id=PRIMARY_FINAL_TARGET; variable=MEAN_GLUCOSE,local_extension_workspace/scripts/phase2a/01_same_patient_agreement.R,new_extension,Phase 2A,Supplement; source-agreement context,Mean-glucose source context,Means are source-defined routine-care summaries; neither source is a reference standard.
P2A_AGREEMENT_PRIMARY_MEAN_GLUCOSE_SPEARMAN,same-patient source dependence,same-patient source agreement: mean glucose (primary N=452),452 paired patients in final MIMIC target,452,NA,NA,Spearman correlation,0.684610679208374,NA,NA,NA,Pearson_r,8.0514442524589502e-01,EXTENSION_RESULT_LOCKED,local_extension_workspace/outputs/machine_readable/phase2a_same_patient_agreement.csv,cohort_id=PRIMARY_FINAL_TARGET; variable=MEAN_GLUCOSE,local_extension_workspace/scripts/phase2a/01_same_patient_agreement.R,new_extension,Phase 2A,Supplement; source-agreement context,Mean-glucose source context,Rank correlation describes agreement/association only; it does not establish interchangeability.
P2A_AGREEMENT_SENSITIVITY_GV_LAB_MEAN,same-patient source dependence,same-patient source agreement: GV SD (sensitivity N=453),453 final source-paired candidates,453,NA,paired source-defined descriptive comparison,laboratory mean,34.602842632392,NA,NA,NA,POCT_mean,2.86642924003053e+01,EXTENSION_RESULT_LOCKED,local_extension_workspace/outputs/machine_readable/phase2a_same_patient_agreement.csv,cohort_id=SENSITIVITY_ALL_PAIRED; variable=GV_SD,local_extension_workspace/scripts/phase2a/01_same_patient_agreement.R,new_extension,Phase 2A,Supplement; source-agreement sensitivity,All source-paired candidate sensitivity,Means are source-defined routine-care summaries; neither source is a reference standard.
P2A_AGREEMENT_SENSITIVITY_GV_MEAN_DIFFERENCE,same-patient source dependence,same-patient source agreement: GV SD (sensitivity N=453),453 final source-paired candidates,453,NA,POCT minus laboratory source-defined difference,mean paired difference,-5.93855023208666,-69.8588767747541,57.9817763105808,NA,sd_paired_difference,3.2612411501360903e+01,EXTENSION_RESULT_LOCKED,local_extension_workspace/outputs/machine_readable/phase2a_same_patient_agreement.csv,cohort_id=SENSITIVITY_ALL_PAIRED; variable=GV_SD,local_extension_workspace/scripts/phase2a/01_same_patient_agreement.R,new_extension,Phase 2A,Supplement; source-agreement sensitivity,All source-paired candidate sensitivity,"lower95/upper95 are 95% Bland-Altman limits of agreement, not confidence limits for the mean."
P2A_AGREEMENT_SENSITIVITY_GV_PAIR_MEAN_CORRELATION,same-patient source dependence,same-patient source agreement: GV SD (sensitivity N=453),453 final source-paired candidates,453,NA,paired source-defined difference versus pair mean,Pearson correlation,-0.526884784791464,NA,NA,NA,Spearman_rho,-3.3436189203251199e-01,EXTENSION_RESULT_LOCKED,local_extension_workspace/outputs/machine_readable/phase2a_same_patient_agreement.csv,cohort_id=SENSITIVITY_ALL_PAIRED; variable=GV_SD,local_extension_workspace/scripts/phase2a/01_same_patient_agreement.R,new_extension,Phase 2A,Supplement; source-agreement sensitivity,All source-paired candidate sensitivity,Scale-dependent disagreement diagnostic; not a causal model.
P2A_AGREEMENT_SENSITIVITY_GV_PEARSON,same-patient source dependence,same-patient source agreement: GV SD (sensitivity N=453),453 final source-paired candidates,453,NA,paired source-defined descriptive comparison,Pearson correlation,0.488105663399934,NA,NA,NA,Spearman_rho,3.2630625407368002e-01,EXTENSION_RESULT_LOCKED,local_extension_workspace/outputs/machine_readable/phase2a_same_patient_agreement.csv,cohort_id=SENSITIVITY_ALL_PAIRED; variable=GV_SD,local_extension_workspace/scripts/phase2a/01_same_patient_agreement.R,new_extension,Phase 2A,Supplement; source-agreement sensitivity,All source-paired candidate sensitivity,Correlation describes agreement/association only; it does not establish interchangeability.
P2A_AGREEMENT_SENSITIVITY_GV_POCT_MEAN,same-patient source dependence,same-patient source agreement: GV SD (sensitivity N=453),453 final source-paired candidates,453,NA,paired source-defined descriptive comparison,POCT mean,28.6642924003053,NA,NA,NA,laboratory_mean,3.4602842632391997e+01,EXTENSION_RESULT_LOCKED,local_extension_workspace/outputs/machine_readable/phase2a_same_patient_agreement.csv,cohort_id=SENSITIVITY_ALL_PAIRED; variable=GV_SD,local_extension_workspace/scripts/phase2a/01_same_patient_agreement.R,new_extension,Phase 2A,Supplement; source-agreement sensitivity,All source-paired candidate sensitivity,Means are source-defined routine-care summaries; neither source is a reference standard.
P2A_AGREEMENT_SENSITIVITY_GV_SPEARMAN,same-patient source dependence,same-patient source agreement: GV SD (sensitivity N=453),453 final source-paired candidates,453,NA,NA,Spearman correlation,0.32630625407368,NA,NA,NA,Pearson_r,4.88105663399934e-01,EXTENSION_RESULT_LOCKED,local_extension_workspace/outputs/machine_readable/phase2a_same_patient_agreement.csv,cohort_id=SENSITIVITY_ALL_PAIRED; variable=GV_SD,local_extension_workspace/scripts/phase2a/01_same_patient_agreement.R,new_extension,Phase 2A,Supplement; source-agreement sensitivity,All source-paired candidate sensitivity,Rank correlation describes agreement/association only; it does not establish interchangeability.
P2A_AGREEMENT_SENSITIVITY_MEAN_GLUCOSE_LAB_MEAN,same-patient source dependence,same-patient source agreement: mean glucose (sensitivity N=453),453 final source-paired candidates,453,NA,paired source-defined descriptive comparison,laboratory mean,155.385504047093,NA,NA,NA,POCT_mean,1.5122180915760001e+02,EXTENSION_RESULT_LOCKED,local_extension_workspace/outputs/machine_readable/phase2a_same_patient_agreement.csv,cohort_id=SENSITIVITY_ALL_PAIRED; variable=MEAN_GLUCOSE,local_extension_workspace/scripts/phase2a/01_same_patient_agreement.R,new_extension,Phase 2A,Supplement; source-agreement sensitivity,Mean-glucose source context,Means are source-defined routine-care summaries; neither source is a reference standard.
P2A_AGREEMENT_SENSITIVITY_MEAN_GLUCOSE_MEAN_DIFFERENCE,same-patient source dependence,same-patient source agreement: mean glucose (sensitivity N=453),453 final source-paired candidates,453,NA,POCT minus laboratory source-defined difference,mean paired difference,-4.16369488949348,-76.9061951549016,68.5788053759146,NA,sd_paired_difference,3.7113520543575603e+01,EXTENSION_RESULT_LOCKED,local_extension_workspace/outputs/machine_readable/phase2a_same_patient_agreement.csv,cohort_id=SENSITIVITY_ALL_PAIRED; variable=MEAN_GLUCOSE,local_extension_workspace/scripts/phase2a/01_same_patient_agreement.R,new_extension,Phase 2A,Supplement; source-agreement sensitivity,Mean-glucose source context,"lower95/upper95 are 95% Bland-Altman limits of agreement, not confidence limits for the mean."
P2A_AGREEMENT_SENSITIVITY_MEAN_GLUCOSE_PAIR_MEAN_CORRELATION,same-patient source dependence,same-patient source agreement: mean glucose (sensitivity N=453),453 final source-paired candidates,453,NA,paired source-defined difference versus pair mean,Pearson correlation,-0.297878732360891,NA,NA,NA,Spearman_rho,-1.89188319579526e-01,EXTENSION_RESULT_LOCKED,local_extension_workspace/outputs/machine_readable/phase2a_same_patient_agreement.csv,cohort_id=SENSITIVITY_ALL_PAIRED; variable=MEAN_GLUCOSE,local_extension_workspace/scripts/phase2a/01_same_patient_agreement.R,new_extension,Phase 2A,Supplement; source-agreement sensitivity,Mean-glucose source context,Scale-dependent disagreement diagnostic; not a causal model.
P2A_AGREEMENT_SENSITIVITY_MEAN_GLUCOSE_PEARSON,same-patient source dependence,same-patient source agreement: mean glucose (sensitivity N=453),453 final source-paired candidates,453,NA,paired source-defined descriptive comparison,Pearson correlation,0.805657746842837,NA,NA,NA,Spearman_rho,6.8644421654020904e-01,EXTENSION_RESULT_LOCKED,local_extension_workspace/outputs/machine_readable/phase2a_same_patient_agreement.csv,cohort_id=SENSITIVITY_ALL_PAIRED; variable=MEAN_GLUCOSE,local_extension_workspace/scripts/phase2a/01_same_patient_agreement.R,new_extension,Phase 2A,Supplement; source-agreement sensitivity,Mean-glucose source context,Correlation describes agreement/association only; it does not establish interchangeability.
P2A_AGREEMENT_SENSITIVITY_MEAN_GLUCOSE_POCT_MEAN,same-patient source dependence,same-patient source agreement: mean glucose (sensitivity N=453),453 final source-paired candidates,453,NA,paired source-defined descriptive comparison,POCT mean,151.2218091576,NA,NA,NA,laboratory_mean,1.5538550404709301e+02,EXTENSION_RESULT_LOCKED,local_extension_workspace/outputs/machine_readable/phase2a_same_patient_agreement.csv,cohort_id=SENSITIVITY_ALL_PAIRED; variable=MEAN_GLUCOSE,local_extension_workspace/scripts/phase2a/01_same_patient_agreement.R,new_extension,Phase 2A,Supplement; source-agreement sensitivity,Mean-glucose source context,Means are source-defined routine-care summaries; neither source is a reference standard.
P2A_AGREEMENT_SENSITIVITY_MEAN_GLUCOSE_SPEARMAN,same-patient source dependence,same-patient source agreement: mean glucose (sensitivity N=453),453 final source-paired candidates,453,NA,NA,Spearman correlation,0.686444216540209,NA,NA,NA,Pearson_r,8.0565774684283697e-01,EXTENSION_RESULT_LOCKED,local_extension_workspace/outputs/machine_readable/phase2a_same_patient_agreement.csv,cohort_id=SENSITIVITY_ALL_PAIRED; variable=MEAN_GLUCOSE,local_extension_workspace/scripts/phase2a/01_same_patient_agreement.R,new_extension,Phase 2A,Supplement; source-agreement sensitivity,Mean-glucose source context,Rank correlation describes agreement/association only; it does not establish interchangeability.
P2A_BOOTSTRAP_COEFFICIENT_RATIO,same-patient source dependence,Paired source-definition coefficient-difference sensitivity analysis,identical same-patient outcome-model cohort,409,49,exponentiated paired log-HR coefficient difference,paired coefficient ratio,0.781604269286905,NA,NA,NA,POCT_HR;laboratory_HR,7.5885724504857499e-01;9.7089700615494001e-01,EXTENSION_RESULT_LOCKED,local_extension_workspace/outputs/machine_readable/phase2a_same_patient_bootstrap_summary.csv,analysis=paired source-definition coefficient-difference sensitivity analysis,local_extension_workspace/scripts/phase2a/02_same_patient_paired_bootstrap.R,new_extension,Phase 2A,Results; Figure 2,Paired source-definition coefficient-difference sensitivity analysis,Exponentiated delta-beta is a descriptive paired coefficient ratio; not a causal interaction contrast.
P2A_BOOTSTRAP_MEDIAN_DELTA_BETA,same-patient source dependence,Paired source-definition coefficient-difference sensitivity analysis,identical same-patient outcome-model cohort,409,49,bootstrap distribution of paired log-HR coefficient difference,bootstrap median delta-beta,-0.26867763106451,NA,NA,NA,bootstrap_sd,1.4768575201074099e-01,EXTENSION_RESULT_LOCKED,local_extension_workspace/outputs/machine_readable/phase2a_same_patient_bootstrap_summary.csv,analysis=paired source-definition coefficient-difference sensitivity analysis,local_extension_workspace/scripts/phase2a/02_same_patient_paired_bootstrap.R,new_extension,Phase 2A,Supplement; paired coefficient sensitivity,Distributional bootstrap summary,Bootstrap distribution summary; no new inferential interpretation.
P2A_BOOTSTRAP_OBSERVED_DELTA_BETA,same-patient source dependence,Paired source-definition coefficient-difference sensitivity analysis,identical same-patient outcome-model cohort,409,49,difference between paired source-specific log-HR coefficients,delta-beta,-0.246406716028328,-0.63228447400461,-0.0551424026573822,NA,successful_replicates;failed_replicates,2e+03;0e+00,EXTENSION_RESULT_LOCKED,local_extension_workspace/outputs/machine_readable/phase2a_same_patient_bootstrap_summary.csv,analysis=paired source-definition coefficient-difference sensitivity analysis,local_extension_workspace/scripts/phase2a/02_same_patient_paired_bootstrap.R,new_extension,Phase 2A,Results; Figure 2,Paired source-definition coefficient-difference sensitivity analysis,"Paired bootstrap B=2,000 with 2,000 successful and 0 failed replicates; not an interaction test and not causal."
P2A_SAMPLING_eICU_CRD_mean_glucose,sampling opportunity context,Descriptive GV versus mean_glucose relationship,preserved aggregate all-source feature; optional mean-glucose benchmark,7115,NA,descriptive correlation within declared final context,Pearson correlation,0.484902436947876,NA,NA,NA,Spearman_rho,3.8469799258388998e-01,EXTENSION_RESULT_LOCKED,local_extension_workspace/outputs/machine_readable/phase2a_sampling_process.csv,database=eICU-CRD; variable_y=mean_glucose,local_extension_workspace/scripts/phase2a/03_sampling_process_dependence.R,new_extension,Phase 2A,Supplement; sampling-process context,"Descriptive relationship only; not a confounder adjustment, causal model, or proof that sampling intensity explains GV association.",Completed Phase 2A correlation.
P2A_SAMPLING_eICU_CRD_measurement_count,sampling opportunity context,Descriptive GV versus measurement_count relationship,preserved aggregate all-source feature; aggregate count,7115,NA,descriptive correlation within declared final context,Pearson correlation,0.176128524390564,NA,NA,NA,Spearman_rho,2.17561619641258e-01,EXTENSION_RESULT_LOCKED,local_extension_workspace/outputs/machine_readable/phase2a_sampling_process.csv,database=eICU-CRD; variable_y=measurement_count,local_extension_workspace/scripts/phase2a/03_sampling_process_dependence.R,new_extension,Phase 2A,Supplement; sampling-process context,"Descriptive relationship only; not a confounder adjustment, causal model, or proof that sampling intensity explains GV association.",Completed Phase 2A correlation.
P2A_SAMPLING_eICU_CRD_measurement_span_hours,sampling opportunity context,Descriptive GV versus measurement_span_hours relationship,preserved aggregate all-source feature; aggregate span,7115,NA,descriptive correlation within declared final context,Pearson correlation,0.138798350882519,NA,NA,NA,Spearman_rho,1.5067690908186401e-01,EXTENSION_RESULT_LOCKED,local_extension_workspace/outputs/machine_readable/phase2a_sampling_process.csv,database=eICU-CRD; variable_y=measurement_span_hours,local_extension_workspace/scripts/phase2a/03_sampling_process_dependence.R,new_extension,Phase 2A,Supplement; sampling-process context,"Descriptive relationship only; not a confounder adjustment, causal model, or proof that sampling intensity explains GV association.",Completed Phase 2A correlation.
P2A_SAMPLING_INSPIRE_NA,sampling opportunity context,Descriptive GV versus NA relationship,final validated count/span fields retained for context table,1353,NA,descriptive correlation within declared final context,Pearson correlation,NA,NA,NA,NA,Spearman_rho,NA,NOT_RUN,local_extension_workspace/outputs/machine_readable/phase2a_sampling_process.csv,database=INSPIRE; variable_y=NA,local_extension_workspace/scripts/phase2a/03_sampling_process_dependence.R,new_extension,Phase 2A,Supplement; declared non-estimable context,"Descriptive relationship only; not a confounder adjustment, causal model, or proof that sampling intensity explains GV association.",No new INSPIRE sampling-process analysis added in Phase 2A; no unsupported extrapolation
P2A_SAMPLING_MIMIC_IV_mean_glucose,sampling opportunity context,Descriptive GV versus mean_glucose relationship,final source-priority series; optional mean-glucose benchmark,10561,NA,descriptive correlation within declared final context,Pearson correlation,0.547565193381572,NA,NA,NA,Spearman_rho,5.3215327594372797e-01,EXTENSION_RESULT_LOCKED,local_extension_workspace/outputs/machine_readable/phase2a_sampling_process.csv,database=MIMIC-IV; variable_y=mean_glucose,local_extension_workspace/scripts/phase2a/03_sampling_process_dependence.R,new_extension,Phase 2A,Supplement; sampling-process context,"Descriptive relationship only; not a confounder adjustment, causal model, or proof that sampling intensity explains GV association.",Completed Phase 2A correlation.
P2A_SAMPLING_MIMIC_IV_measurement_count,sampling opportunity context,Descriptive GV versus measurement_count relationship,final source-priority series; patient-level count,10561,NA,descriptive correlation within declared final context,Pearson correlation,0.150756603905342,NA,NA,NA,Spearman_rho,1.7558167954572901e-01,EXTENSION_RESULT_LOCKED,local_extension_workspace/outputs/machine_readable/phase2a_sampling_process.csv,database=MIMIC-IV; variable_y=measurement_count,local_extension_workspace/scripts/phase2a/03_sampling_process_dependence.R,new_extension,Phase 2A,Supplement; sampling-process context,"Descriptive relationship only; not a confounder adjustment, causal model, or proof that sampling intensity explains GV association.",Completed Phase 2A correlation.
P2A_SAMPLING_MIMIC_IV_measurement_span_hours,sampling opportunity context,Descriptive GV versus measurement_span_hours relationship,final source-priority series; patient-level span,10561,NA,descriptive correlation within declared final context,Pearson correlation,0.124823193353568,NA,NA,NA,Spearman_rho,1.3764203308748599e-01,EXTENSION_RESULT_LOCKED,local_extension_workspace/outputs/machine_readable/phase2a_sampling_process.csv,database=MIMIC-IV; variable_y=measurement_span_hours,local_extension_workspace/scripts/phase2a/03_sampling_process_dependence.R,new_extension,Phase 2A,Supplement; sampling-process context,"Descriptive relationship only; not a confounder adjustment, causal model, or proof that sampling intensity explains GV association.",Completed Phase 2A correlation.
P2A_SHIFT_eICU_CRD_M3_M4_AFTER,analytic-context landscape,eICU-CRD M3 -> M4 after,declared final context,7115,130,eICU-CRD declared outcome context,RR,1.13279595096984,0.990175899305203,1.29595829128348,NA,effect_before,1.1577479008314799e+00,LOCKED_RESULT_VERIFIED,controlled_final_lineage/data/controlled_local_only/MIMIC_eICU_derived/results/10_cross_database_results.csv,specification=eICU M4,local_extension_workspace/scripts/phase2a/04_model_specification_shift.R,new_extension,Phase 2A,Supplement; analytic-context movement,After-context coefficient,Locked specification movement; not a causal attenuation or confounding estimate. Before-context CI and movement are in the paired registry row.
P2A_SHIFT_eICU_CRD_M3_M4_BEFORE,analytic-context landscape,eICU-CRD M3 -> M4 before,declared final context,7115,130,eICU-CRD declared outcome context,RR,1.15774790083148,1.0245783161834,1.30822620458402,NA,effect_after,1.13279595096984e+00,LOCKED_RESULT_VERIFIED,controlled_final_lineage/data/controlled_local_only/MIMIC_eICU_derived/results/10_cross_database_results.csv,specification=eICU M3,local_extension_workspace/scripts/phase2a/04_model_specification_shift.R,new_extension,Phase 2A,Supplement; analytic-context movement,Before-context coefficient,Locked specification movement; not a causal attenuation or confounding estimate. After-context CI and movement are in the paired registry row.
P2A_SHIFT_eICU_CRD_M3_M4_DELTA_LOG,analytic-context landscape,eICU-CRD M3 -> M4 coefficient movement,declared final context,7115,130,eICU-CRD declared outcome context,RR log movement,-0.0217877836369602,NA,NA,NA,null_crossing,FALSE,EXTENSION_RESULT_LOCKED,local_extension_workspace/outputs/machine_readable/phase2a_specification_shift.csv,database=eICU-CRD; comparison=M3 -> M4,local_extension_workspace/scripts/phase2a/04_model_specification_shift.R,new_extension,Phase 2A,Supplement; analytic-context movement,Coefficient movement diagnostic,Locked specification movement; not a causal attenuation or confounding estimate. The null-crossing flag is a descriptive interval property.
P2A_SHIFT_INSPIRE_I2_I3_AFTER,analytic-context landscape,INSPIRE I2 -> I3 after,declared final context,1353,27,INSPIRE declared outcome context,HR,0.928498765858282,0.672393948065706,1.2821500857948,NA,effect_before,9.0455421267804603e-01,LOCKED_RESULT_VERIFIED,controlled_final_lineage/results/final_v5_INSPIRE/30d_primary_results_v5.csv,specification=INSPIRE I3,local_extension_workspace/scripts/phase2a/04_model_specification_shift.R,new_extension,Phase 2A,Supplement; analytic-context movement,After-context coefficient,Locked specification movement; not a causal attenuation or confounding estimate. Before-context CI and movement are in the paired registry row.
P2A_SHIFT_INSPIRE_I2_I3_BEFORE,analytic-context landscape,INSPIRE I2 -> I3 before,declared final context,1353,27,INSPIRE declared outcome context,HR,0.904554212678046,0.652561595227856,1.25385607988147,NA,effect_after,9.2849876585828195e-01,LOCKED_RESULT_VERIFIED,controlled_final_lineage/results/final_v5_INSPIRE/30d_primary_results_v5.csv,specification=INSPIRE I2,local_extension_workspace/scripts/phase2a/04_model_specification_shift.R,new_extension,Phase 2A,Supplement; analytic-context movement,Before-context coefficient,Locked specification movement; not a causal attenuation or confounding estimate. After-context CI and movement are in the paired registry row.
P2A_SHIFT_INSPIRE_I2_I3_DELTA_LOG,analytic-context landscape,INSPIRE I2 -> I3 coefficient movement,declared final context,1353,27,INSPIRE declared outcome context,HR log movement,0.0261268119489033,NA,NA,NA,null_crossing,FALSE,EXTENSION_RESULT_LOCKED,local_extension_workspace/outputs/machine_readable/phase2a_specification_shift.csv,database=INSPIRE; comparison=I2 -> I3,local_extension_workspace/scripts/phase2a/04_model_specification_shift.R,new_extension,Phase 2A,Supplement; analytic-context movement,Coefficient movement diagnostic,Locked specification movement; not a causal attenuation or confounding estimate. The null-crossing flag is a descriptive interval property.
P2A_SHIFT_MIMIC_IV_Model_B_Model_C_AFTER,analytic-context landscape,MIMIC-IV Model B -> Model C after,declared final context,10561,296,MIMIC-IV declared outcome context,HR,1.02857335963722,0.967085280657172,1.09397090134231,NA,effect_before,9.7938060260327398e-01,LOCKED_RESULT_VERIFIED,locked_analysis_record/results/mice_pooled_models.csv,specification=MIMIC Model C,local_extension_workspace/scripts/phase2a/04_model_specification_shift.R,new_extension,Phase 2A,Supplement; analytic-context movement,After-context coefficient,Locked specification movement; not a causal attenuation or confounding estimate. Before-context CI and movement are in the paired registry row.
P2A_SHIFT_MIMIC_IV_Model_B_Model_C_BEFORE,analytic-context landscape,MIMIC-IV Model B -> Model C before,declared final context,10561,296,MIMIC-IV declared outcome context,HR,0.979380602603274,0.922463143248402,1.03980996072952,NA,effect_after,1.02857335963722e+00,LOCKED_RESULT_VERIFIED,locked_analysis_record/results/mice_pooled_models.csv,specification=MIMIC Model B,local_extension_workspace/scripts/phase2a/04_model_specification_shift.R,new_extension,Phase 2A,Supplement; analytic-context movement,Before-context coefficient,Locked specification movement; not a causal attenuation or confounding estimate. After-context CI and movement are in the paired registry row.
P2A_SHIFT_MIMIC_IV_Model_B_Model_C_DELTA_LOG,analytic-context landscape,MIMIC-IV Model B -> Model C coefficient movement,declared final context,10561,296,MIMIC-IV declared outcome context,HR log movement,0.0490076996877712,NA,NA,NA,null_crossing,TRUE,EXTENSION_RESULT_LOCKED,local_extension_workspace/outputs/machine_readable/phase2a_specification_shift.csv,database=MIMIC-IV; comparison=Model B -> Model C,local_extension_workspace/scripts/phase2a/04_model_specification_shift.R,new_extension,Phase 2A,Supplement; analytic-context movement,Coefficient movement diagnostic,Locked specification movement; not a causal attenuation or confounding estimate. The null-crossing flag is a descriptive interval property.
P2B_COUNT_PRIMARY_DISTRIBUTION,sampling opportunity context,Source-specific measurement-count imbalance,452 paired patients in final MIMIC target,452,NA,descriptive source-count difference,median delta_count,2,-1,7,NA,IQR,4e+00,EXTENSION_RESULT_LOCKED,local_extension_workspace/outputs/machine_readable/phase2b_source_sampling_imbalance.csv,cohort_id=PRIMARY_FINAL_TARGET; variable=delta_count,local_extension_workspace/scripts/phase2b/01_source_dependence_closure.R,new_extension,Phase 2B,Supplement; sampling-process context,Measurement-count imbalance distribution,"lower95/upper95 fields are q5/q95, not confidence limits."
P2B_COUNT_PRIMARY_GV_CORRELATION,sampling opportunity context,Source-defined GV disagreement versus measurement-count imbalance,452 paired patients in final MIMIC target,452,NA,descriptive source-defined relationship,Pearson correlation,-0.0204349915034502,NA,NA,NA,Spearman_rho,5.5614619319924702e-02,EXTENSION_RESULT_LOCKED,local_extension_workspace/outputs/machine_readable/phase2b_source_sampling_imbalance.csv,cohort_id=PRIMARY_FINAL_TARGET; variable=delta_count,local_extension_workspace/scripts/phase2b/01_source_dependence_closure.R,new_extension,Phase 2B,Supplement; sampling-process context,Descriptive correlation only,Count imbalance alone did not account for observed source-defined GV disagreement; this does not rule out unmeasured sampling mechanisms.
P2B_COUNT_PRIMARY_MEAN,sampling opportunity context,Source-specific measurement-count imbalance,452 paired patients in final MIMIC target,452,NA,descriptive source-count difference,mean delta_count,2.22787610619469,NA,NA,NA,sd_delta_count,2.7575852900801401e+00,EXTENSION_RESULT_LOCKED,local_extension_workspace/outputs/machine_readable/phase2b_source_sampling_imbalance.csv,cohort_id=PRIMARY_FINAL_TARGET; variable=delta_count,local_extension_workspace/scripts/phase2b/01_source_dependence_closure.R,new_extension,Phase 2B,Supplement; sampling-process context,Measurement-count imbalance distribution,Count imbalance is descriptive; it is not a confounder or causal adjustment variable.
P2B_COUNT_SENSITIVITY_DISTRIBUTION,sampling opportunity context,Source-specific measurement-count imbalance,453 final source-paired candidates,453,NA,descriptive source-count difference,median delta_count,2,-1,7,NA,IQR,4e+00,EXTENSION_RESULT_LOCKED,local_extension_workspace/outputs/machine_readable/phase2b_source_sampling_imbalance.csv,cohort_id=SENSITIVITY_ALL_PAIRED; variable=delta_count,local_extension_workspace/scripts/phase2b/01_source_dependence_closure.R,new_extension,Phase 2B,Supplement; sampling-process context,Measurement-count imbalance distribution,"lower95/upper95 fields are q5/q95, not confidence limits."
P2B_COUNT_SENSITIVITY_GV_CORRELATION,sampling opportunity context,Source-defined GV disagreement versus measurement-count imbalance,453 final source-paired candidates,453,NA,descriptive source-defined relationship,Pearson correlation,-0.0222015488887125,NA,NA,NA,Spearman_rho,5.2026135067665902e-02,EXTENSION_RESULT_LOCKED,local_extension_workspace/outputs/machine_readable/phase2b_source_sampling_imbalance.csv,cohort_id=SENSITIVITY_ALL_PAIRED; variable=delta_count,local_extension_workspace/scripts/phase2b/01_source_dependence_closure.R,new_extension,Phase 2B,Supplement; sampling-process context,Descriptive correlation only,Count imbalance alone did not account for observed source-defined GV disagreement; this does not rule out unmeasured sampling mechanisms.
P2B_COUNT_SENSITIVITY_MEAN,sampling opportunity context,Source-specific measurement-count imbalance,453 final source-paired candidates,453,NA,descriptive source-count difference,mean delta_count,2.22295805739514,NA,NA,NA,sd_delta_count,2.7565213248963998e+00,EXTENSION_RESULT_LOCKED,local_extension_workspace/outputs/machine_readable/phase2b_source_sampling_imbalance.csv,cohort_id=SENSITIVITY_ALL_PAIRED; variable=delta_count,local_extension_workspace/scripts/phase2b/01_source_dependence_closure.R,new_extension,Phase 2B,Supplement; sampling-process context,Measurement-count imbalance distribution,Count imbalance is descriptive; it is not a confounder or causal adjustment variable.
P2B_LOG_PRIMARY_GEOMETRIC_MEAN_RATIO,same-patient source dependence,Multiplicative-scale agreement,452 paired patients in final MIMIC target,447,NA,multiplicative-scale source-defined agreement,geometric mean ratio,1.03077855486175,NA,NA,NA,NA,NA,EXTENSION_RESULT_LOCKED,local_extension_workspace/outputs/machine_readable/phase2b_log_scale_agreement.csv,cohort_id=PRIMARY_FINAL_TARGET,local_extension_workspace/scripts/phase2b/01_source_dependence_closure.R,new_extension,Phase 2B,Results; Figure 2,Multiplicative-scale sensitivity,Log-scale sensitivity does not replace the original-scale Bland-Altman analysis; neither source is a reference standard.
P2B_LOG_PRIMARY_LOG_LOA_LOWER,same-patient source dependence,Multiplicative-scale agreement,452 paired patients in final MIMIC target,447,NA,multiplicative-scale source-defined agreement,lower 95% limit on log scale,-2.24402349721965,NA,NA,NA,NA,NA,EXTENSION_RESULT_LOCKED,local_extension_workspace/outputs/machine_readable/phase2b_log_scale_agreement.csv,cohort_id=PRIMARY_FINAL_TARGET,local_extension_workspace/scripts/phase2b/01_source_dependence_closure.R,new_extension,Phase 2B,Results; Figure 2,Multiplicative-scale sensitivity,Log-scale sensitivity does not replace the original-scale Bland-Altman analysis; neither source is a reference standard.
P2B_LOG_PRIMARY_LOG_LOA_UPPER,same-patient source dependence,Multiplicative-scale agreement,452 paired patients in final MIMIC target,447,NA,multiplicative-scale source-defined agreement,upper 95% limit on log scale,2.30465228765127,NA,NA,NA,NA,NA,EXTENSION_RESULT_LOCKED,local_extension_workspace/outputs/machine_readable/phase2b_log_scale_agreement.csv,cohort_id=PRIMARY_FINAL_TARGET,local_extension_workspace/scripts/phase2b/01_source_dependence_closure.R,new_extension,Phase 2B,Results; Figure 2,Multiplicative-scale sensitivity,Log-scale sensitivity does not replace the original-scale Bland-Altman analysis; neither source is a reference standard.
P2B_LOG_PRIMARY_MEAN_LOG_RATIO,same-patient source dependence,Multiplicative-scale agreement,452 paired patients in final MIMIC target,447,NA,multiplicative-scale source-defined agreement,mean log ratio,0.0303143952158108,NA,NA,NA,NA,NA,EXTENSION_RESULT_LOCKED,local_extension_workspace/outputs/machine_readable/phase2b_log_scale_agreement.csv,cohort_id=PRIMARY_FINAL_TARGET,local_extension_workspace/scripts/phase2b/01_source_dependence_closure.R,new_extension,Phase 2B,Results; Figure 2,Multiplicative-scale sensitivity,Log-scale sensitivity does not replace the original-scale Bland-Altman analysis; neither source is a reference standard.
P2B_LOG_PRIMARY_MEDIAN_LOG_RATIO,same-patient source dependence,Multiplicative-scale agreement,452 paired patients in final MIMIC target,447,NA,multiplicative-scale source-defined agreement,median log ratio,-0.0011579016692882,NA,NA,NA,NA,NA,EXTENSION_RESULT_LOCKED,local_extension_workspace/outputs/machine_readable/phase2b_log_scale_agreement.csv,cohort_id=PRIMARY_FINAL_TARGET,local_extension_workspace/scripts/phase2b/01_source_dependence_closure.R,new_extension,Phase 2B,Results; Figure 2,Multiplicative-scale sensitivity,Log-scale sensitivity does not replace the original-scale Bland-Altman analysis; neither source is a reference standard.
P2B_LOG_PRIMARY_PAIR_MEAN_PEARSON,same-patient source dependence,Multiplicative-scale agreement,452 paired patients in final MIMIC target,447,NA,multiplicative-scale source-defined agreement,log-ratio versus log-pair-mean Pearson correlation,-0.319783329258018,NA,NA,NA,Spearman_rho,-3.3244897198283402e-01,EXTENSION_RESULT_LOCKED,local_extension_workspace/outputs/machine_readable/phase2b_log_scale_agreement.csv,cohort_id=PRIMARY_FINAL_TARGET,local_extension_workspace/scripts/phase2b/01_source_dependence_closure.R,new_extension,Phase 2B,Results; Figure 2,Multiplicative-scale sensitivity,Log-scale sensitivity does not replace the original-scale Bland-Altman analysis; neither source is a reference standard.
P2B_LOG_PRIMARY_RATIO_LOA_LOWER,same-patient source dependence,Multiplicative-scale agreement,452 paired patients in final MIMIC target,447,NA,multiplicative-scale source-defined agreement,lower exponentiated 95% limit,0.106031029431689,NA,NA,NA,NA,NA,EXTENSION_RESULT_LOCKED,local_extension_workspace/outputs/machine_readable/phase2b_log_scale_agreement.csv,cohort_id=PRIMARY_FINAL_TARGET,local_extension_workspace/scripts/phase2b/01_source_dependence_closure.R,new_extension,Phase 2B,Results; Figure 2,Multiplicative-scale sensitivity,Log-scale sensitivity does not replace the original-scale Bland-Altman analysis; neither source is a reference standard.
P2B_LOG_PRIMARY_RATIO_LOA_UPPER,same-patient source dependence,Multiplicative-scale agreement,452 paired patients in final MIMIC target,447,NA,multiplicative-scale source-defined agreement,upper exponentiated 95% limit,10.0206933277715,NA,NA,NA,NA,NA,EXTENSION_RESULT_LOCKED,local_extension_workspace/outputs/machine_readable/phase2b_log_scale_agreement.csv,cohort_id=PRIMARY_FINAL_TARGET,local_extension_workspace/scripts/phase2b/01_source_dependence_closure.R,new_extension,Phase 2B,Results; Figure 2,Multiplicative-scale sensitivity,Log-scale sensitivity does not replace the original-scale Bland-Altman analysis; neither source is a reference standard.
P2B_LOG_PRIMARY_VALID_N,same-patient source dependence,Multiplicative-scale agreement valid-pair count,452 paired patients in final MIMIC target,447,NA,multiplicative-scale source-defined agreement,valid positive pairs,447,NA,NA,NA,positive_pairs_excluded,5e+00,EXTENSION_RESULT_LOCKED,local_extension_workspace/outputs/machine_readable/phase2b_log_scale_agreement.csv,cohort_id=PRIMARY_FINAL_TARGET,local_extension_workspace/scripts/phase2b/01_source_dependence_closure.R,new_extension,Phase 2B,Results; Figure 2,Multiplicative-scale sensitivity,Log-scale sensitivity does not replace the original-scale Bland-Altman analysis; neither source is a reference standard.
P2B_LOG_SENSITIVITY_GEOMETRIC_MEAN_RATIO,same-patient source dependence,Multiplicative-scale agreement,453 final source-paired candidates,448,NA,multiplicative-scale source-defined agreement,geometric mean ratio,1.03257694083567,NA,NA,NA,NA,NA,EXTENSION_RESULT_LOCKED,local_extension_workspace/outputs/machine_readable/phase2b_log_scale_agreement.csv,cohort_id=SENSITIVITY_ALL_PAIRED,local_extension_workspace/scripts/phase2b/01_source_dependence_closure.R,new_extension,Phase 2B,Supplement; multiplicative-scale sensitivity,Sensitivity agreement,Log-scale sensitivity does not replace the original-scale Bland-Altman analysis; neither source is a reference standard.
P2B_LOG_SENSITIVITY_LOG_LOA_LOWER,same-patient source dependence,Multiplicative-scale agreement,453 final source-paired candidates,448,NA,multiplicative-scale source-defined agreement,lower 95% limit on log scale,-2.24088559677312,NA,NA,NA,NA,NA,EXTENSION_RESULT_LOCKED,local_extension_workspace/outputs/machine_readable/phase2b_log_scale_agreement.csv,cohort_id=SENSITIVITY_ALL_PAIRED,local_extension_workspace/scripts/phase2b/01_source_dependence_closure.R,new_extension,Phase 2B,Supplement; multiplicative-scale sensitivity,Sensitivity agreement,Log-scale sensitivity does not replace the original-scale Bland-Altman analysis; neither source is a reference standard.
P2B_LOG_SENSITIVITY_LOG_LOA_UPPER,same-patient source dependence,Multiplicative-scale agreement,453 final source-paired candidates,448,NA,multiplicative-scale source-defined agreement,upper 95% limit on log scale,2.30500072086476,NA,NA,NA,NA,NA,EXTENSION_RESULT_LOCKED,local_extension_workspace/outputs/machine_readable/phase2b_log_scale_agreement.csv,cohort_id=SENSITIVITY_ALL_PAIRED,local_extension_workspace/scripts/phase2b/01_source_dependence_closure.R,new_extension,Phase 2B,Supplement; multiplicative-scale sensitivity,Sensitivity agreement,Log-scale sensitivity does not replace the original-scale Bland-Altman analysis; neither source is a reference standard.
P2B_LOG_SENSITIVITY_MEAN_LOG_RATIO,same-patient source dependence,Multiplicative-scale agreement,453 final source-paired candidates,448,NA,multiplicative-scale source-defined agreement,mean log ratio,0.0320575620458199,NA,NA,NA,NA,NA,EXTENSION_RESULT_LOCKED,local_extension_workspace/outputs/machine_readable/phase2b_log_scale_agreement.csv,cohort_id=SENSITIVITY_ALL_PAIRED,local_extension_workspace/scripts/phase2b/01_source_dependence_closure.R,new_extension,Phase 2B,Supplement; multiplicative-scale sensitivity,Sensitivity agreement,Log-scale sensitivity does not replace the original-scale Bland-Altman analysis; neither source is a reference standard.
P2B_LOG_SENSITIVITY_MEDIAN_LOG_RATIO,same-patient source dependence,Multiplicative-scale agreement,453 final source-paired candidates,448,NA,multiplicative-scale source-defined agreement,median log ratio,-0.000578950834644099,NA,NA,NA,NA,NA,EXTENSION_RESULT_LOCKED,local_extension_workspace/outputs/machine_readable/phase2b_log_scale_agreement.csv,cohort_id=SENSITIVITY_ALL_PAIRED,local_extension_workspace/scripts/phase2b/01_source_dependence_closure.R,new_extension,Phase 2B,Supplement; multiplicative-scale sensitivity,Sensitivity agreement,Log-scale sensitivity does not replace the original-scale Bland-Altman analysis; neither source is a reference standard.
P2B_LOG_SENSITIVITY_PAIR_MEAN_PEARSON,same-patient source dependence,Multiplicative-scale agreement,453 final source-paired candidates,448,NA,multiplicative-scale source-defined agreement,log-ratio versus log-pair-mean Pearson correlation,-0.318715847608839,NA,NA,NA,Spearman_rho,-3.3093370981360198e-01,EXTENSION_RESULT_LOCKED,local_extension_workspace/outputs/machine_readable/phase2b_log_scale_agreement.csv,cohort_id=SENSITIVITY_ALL_PAIRED,local_extension_workspace/scripts/phase2b/01_source_dependence_closure.R,new_extension,Phase 2B,Supplement; multiplicative-scale sensitivity,Sensitivity agreement,Log-scale sensitivity does not replace the original-scale Bland-Altman analysis; neither source is a reference standard.
P2B_LOG_SENSITIVITY_RATIO_LOA_LOWER,same-patient source dependence,Multiplicative-scale agreement,453 final source-paired candidates,448,NA,multiplicative-scale source-defined agreement,lower exponentiated 95% limit,0.106364266805708,NA,NA,NA,NA,NA,EXTENSION_RESULT_LOCKED,local_extension_workspace/outputs/machine_readable/phase2b_log_scale_agreement.csv,cohort_id=SENSITIVITY_ALL_PAIRED,local_extension_workspace/scripts/phase2b/01_source_dependence_closure.R,new_extension,Phase 2B,Supplement; multiplicative-scale sensitivity,Sensitivity agreement,Log-scale sensitivity does not replace the original-scale Bland-Altman analysis; neither source is a reference standard.
P2B_LOG_SENSITIVITY_RATIO_LOA_UPPER,same-patient source dependence,Multiplicative-scale agreement,453 final source-paired candidates,448,NA,multiplicative-scale source-defined agreement,upper exponentiated 95% limit,10.0241854785044,NA,NA,NA,NA,NA,EXTENSION_RESULT_LOCKED,local_extension_workspace/outputs/machine_readable/phase2b_log_scale_agreement.csv,cohort_id=SENSITIVITY_ALL_PAIRED,local_extension_workspace/scripts/phase2b/01_source_dependence_closure.R,new_extension,Phase 2B,Supplement; multiplicative-scale sensitivity,Sensitivity agreement,Log-scale sensitivity does not replace the original-scale Bland-Altman analysis; neither source is a reference standard.
P2B_LOG_SENSITIVITY_VALID_N,same-patient source dependence,Multiplicative-scale agreement valid-pair count,453 final source-paired candidates,448,NA,multiplicative-scale source-defined agreement,valid positive pairs,448,NA,NA,NA,positive_pairs_excluded,5e+00,EXTENSION_RESULT_LOCKED,local_extension_workspace/outputs/machine_readable/phase2b_log_scale_agreement.csv,cohort_id=SENSITIVITY_ALL_PAIRED,local_extension_workspace/scripts/phase2b/01_source_dependence_closure.R,new_extension,Phase 2B,Supplement; multiplicative-scale sensitivity,Sensitivity agreement,Log-scale sensitivity does not replace the original-scale Bland-Altman analysis; neither source is a reference standard.
P2B_SPAN_PRIMARY_NOT_ESTIMABLE,sampling opportunity context,Source-specific measurement-span imbalance,452 paired patients in final MIMIC target,452,NA,declared source-span comparison,NOT_ESTIMABLE,NA,NA,NA,NA,unavailable_reason,Validated final same-patient source file provides n_src_poct and n_src_lab but no source-specific span fields; no undocumented span reconstruction performed.,NOT_ESTIMABLE,local_extension_workspace/outputs/machine_readable/phase2b_source_sampling_imbalance.csv,cohort_id=PRIMARY_FINAL_TARGET; variable=delta_span,local_extension_workspace/scripts/phase2b/01_source_dependence_closure.R,new_extension,Phase 2B,Supplement; declared non-estimable context,Boundary condition,Validated final same-patient source file has source counts but no source-specific span fields; no undocumented reconstruction performed.
P2B_SPAN_SENSITIVITY_NOT_ESTIMABLE,sampling opportunity context,Source-specific measurement-span imbalance,453 final source-paired candidates,453,NA,declared source-span comparison,NOT_ESTIMABLE,NA,NA,NA,NA,unavailable_reason,Validated final same-patient source file provides n_src_poct and n_src_lab but no source-specific span fields; no undocumented span reconstruction performed.,NOT_ESTIMABLE,local_extension_workspace/outputs/machine_readable/phase2b_source_sampling_imbalance.csv,cohort_id=SENSITIVITY_ALL_PAIRED; variable=delta_span,local_extension_workspace/scripts/phase2b/01_source_dependence_closure.R,new_extension,Phase 2B,Supplement; declared non-estimable context,Boundary condition,Validated final same-patient source file has source counts but no source-specific span fields; no undocumented reconstruction performed.
